,id,age,recidivated,number_of_prior_crimes,months_in_jail,felony,misdemeanor,woman,man,black,y
1705,3041,38,1,0,2,0,1,0,1,0,1
559,1005,65,1,2,5,0,1,0,1,1,1
3448,6165,34,1,5,6,0,1,0,1,0,1
124,225,33,1,8,0,0,1,0,1,1,1
1262,2279,35,0,2,1,0,1,0,1,1,1
3228,5765,51,0,19,13,1,0,0,1,1,0
2678,4805,35,1,0,1,1,0,0,1,1,1
4299,7655,55,0,4,5,1,0,0,1,0,1
2984,5352,24,1,0,1,0,1,0,1,1,1
4541,8085,20,1,0,0,1,0,0,1,1,1
3965,7082,35,0,0,0,1,0,0,1,0,1
1669,2979,44,0,9,25,1,0,0,1,1,0
1996,3573,42,0,1,0,1,0,0,1,1,1
965,1742,20,1,0,11,0,1,0,1,0,1
4312,7677,28,0,0,0,0,1,1,0,0,1
3066,5489,24,1,7,68,1,0,0,1,1,0
1495,2672,30,1,5,2,1,0,0,1,1,0
2641,4726,58,0,0,1,1,0,1,0,0,1
1399,2511,37,0,2,1,0,1,0,1,0,1
1767,3166,20,1,0,3,1,0,0,1,0,1
467,847,26,0,3,1,1,0,0,1,1,1
2402,4310,21,1,1,5,1,0,0,1,0,1
1091,1971,44,0,2,2,1,0,0,1,1,1
3357,5994,21,1,0,1,1,0,1,0,1,0
5809,10375,23,1,0,0,0,1,0,1,1,1
1155,2096,59,1,17,23,1,0,0,1,0,1
4001,7150,22,1,0,0,0,1,1,0,1,0
1525,2721,25,1,24,0,1,0,0,1,0,0
4156,7413,21,1,3,0,1,0,0,1,1,1
2902,5201,23,1,2,0,1,0,0,1,1,1
882,1588,35,1,1,1,0,1,0,1,1,0
1990,3562,52,0,0,0,1,0,0,1,1,1
257,459,32,0,5,-1,1,0,1,0,1,1
214,372,40,0,3,1,1,0,1,0,0,1
1369,2464,57,0,12,50,1,0,0,1,1,0
4604,8188,26,0,3,0,0,1,0,1,0,0
1189,2152,42,0,2,1,1,0,1,0,1,1
4742,8436,21,1,0,2,1,0,0,1,0,1
1170,2121,28,0,4,0,1,0,1,0,1,1
1833,3292,38,0,3,0,1,0,0,1,0,1
4119,7344,25,1,2,1,1,0,0,1,1,1
4487,7986,22,1,0,6,1,0,1,0,1,1
2066,3698,49,0,0,73,1,0,0,1,0,1
2915,5224,25,1,0,-1,1,0,0,1,1,0
5314,9462,50,1,1,40,0,1,0,1,0,1
1461,2610,51,0,1,162,1,0,0,1,1,1
1519,2713,43,0,4,2,0,1,0,1,0,1
1831,3290,29,0,0,0,1,0,0,1,1,1
834,1491,30,0,3,26,1,0,1,0,1,1
5056,9010,39,0,1,13,1,0,0,1,1,1
3927,7010,54,1,4,1,1,0,0,1,1,1
1657,2959,26,0,2,0,0,1,0,1,1,1
4846,8633,21,1,2,77,1,0,0,1,0,1
914,1639,38,0,0,1,1,0,0,1,0,1
4096,7312,25,1,6,0,1,0,0,1,0,0
3768,6722,34,0,3,0,0,1,0,1,0,1
287,517,23,0,1,1,1,0,0,1,1,1
2805,5043,23,1,0,18,1,0,0,1,0,0
5325,9491,22,0,1,8,0,1,0,1,0,1
1547,2762,21,1,3,4,1,0,0,1,1,1
4014,7170,22,0,0,0,1,0,0,1,0,1
5417,9653,24,0,1,1,1,0,0,1,0,1
4097,7315,24,1,2,1,0,1,0,1,1,1
5672,10132,31,1,2,33,0,1,0,1,0,1
4181,7448,31,0,0,-1,1,0,1,0,1,1
4717,8394,21,1,0,0,1,0,0,1,1,1
3373,6027,33,1,2,28,1,0,0,1,1,0
3758,6703,30,0,4,7,1,0,0,1,1,1
994,1803,34,0,0,0,0,1,0,1,0,1
3493,6241,33,0,2,21,0,1,0,1,0,1
4972,8844,31,1,19,0,1,0,0,1,0,1
6102,10889,56,0,4,16,1,0,0,1,1,1
878,1578,39,0,1,14,1,0,0,1,0,1
863,1551,53,0,0,1,0,1,0,1,0,1
4743,8437,42,0,7,0,1,0,0,1,1,1
4618,8212,33,0,0,0,1,0,0,1,0,1
1327,2390,32,1,15,7,1,0,0,1,1,0
2455,4401,44,0,0,2,1,0,0,1,1,1
5254,9352,20,0,4,0,1,0,0,1,0,0
4847,8634,44,0,0,1,1,0,0,1,1,1
12,20,31,1,7,3,1,0,0,1,1,1
2350,4203,34,0,2,2,1,0,0,1,0,1
5085,9060,29,0,2,1,0,1,0,1,0,1
6002,10699,57,1,28,2,1,0,0,1,1,0
4291,7647,68,0,2,0,1,0,0,1,1,1
4927,8768,21,0,1,22,1,0,0,1,1,1
4983,8863,31,1,5,37,1,0,0,1,0,1
14,22,25,0,3,1,1,0,0,1,1,0
2705,4861,34,1,6,13,1,0,0,1,1,0
4518,8040,25,0,0,34,1,0,0,1,1,1
5472,9747,32,1,4,1,1,0,0,1,1,1
5401,9628,21,1,2,1,1,0,1,0,1,0
3890,6941,56,1,1,0,1,0,1,0,1,1
4514,8035,31,1,5,0,0,1,0,1,1,0
5772,10313,32,0,4,3,1,0,0,1,1,0
5479,9756,28,1,4,34,0,1,0,1,1,1
5546,9888,39,0,8,40,1,0,0,1,1,1
2772,4977,39,1,17,181,1,0,0,1,0,1
2228,3985,29,1,17,2,1,0,0,1,0,1
3719,6642,35,0,2,1,1,0,0,1,0,1
143,254,25,1,1,1,0,1,0,1,1,1
3111,5563,33,1,0,0,1,0,0,1,0,1
4614,8205,41,1,0,1,1,0,0,1,0,1
3586,6412,23,0,4,2,1,0,0,1,0,0
4586,8155,40,0,0,0,0,1,0,1,0,1
1569,2800,24,0,0,0,0,1,0,1,1,1
5919,10553,28,1,13,1,1,0,0,1,1,0
3712,6631,43,1,0,1,1,0,0,1,1,1
3058,5475,26,0,0,1,0,1,0,1,1,1
3824,6816,29,0,0,1,0,1,1,0,1,1
2464,4416,58,0,3,2,1,0,0,1,0,1
1453,2594,49,0,1,24,1,0,0,1,1,1
2617,4681,21,1,1,86,1,0,0,1,1,0
3536,6324,23,0,2,35,1,0,0,1,0,1
4046,7227,50,0,3,11,1,0,0,1,0,1
5954,10618,32,1,4,1,1,0,0,1,1,1
5457,9723,23,0,0,0,0,1,0,1,1,1
2534,4527,37,0,0,1,0,1,0,1,0,1
4797,8534,44,1,10,5,1,0,1,0,0,1
3439,6152,26,0,0,2,0,1,0,1,1,1
170,300,37,0,0,0,0,1,1,0,0,1
3294,5882,44,1,0,0,1,0,0,1,1,1
1386,2490,37,1,8,1,1,0,0,1,1,1
5570,9934,28,1,5,0,1,0,0,1,1,1
5219,9285,47,0,3,1,1,0,0,1,1,1
3653,6527,23,0,0,1,0,1,1,0,1,1
4506,8023,41,0,7,1,0,1,0,1,1,1
3885,6932,22,1,3,142,1,0,0,1,0,1
3081,5515,45,0,1,2,0,1,0,1,1,1
2477,4436,23,1,4,0,1,0,0,1,1,0
3110,5561,30,0,0,2,1,0,0,1,1,1
2247,4011,27,0,0,1,1,0,0,1,0,1
2513,4494,49,0,0,1,1,0,1,0,1,1
634,1140,71,0,8,24,1,0,0,1,1,1
1132,2059,39,0,0,0,1,0,0,1,0,1
5660,10111,26,0,0,1,1,0,0,1,1,1
3926,7008,45,1,12,3,0,1,0,1,1,0
5220,9287,24,1,8,49,1,0,0,1,1,1
5080,9049,39,0,0,0,0,1,0,1,1,1
311,563,50,1,1,0,0,1,1,0,0,1
4932,8775,41,0,7,58,1,0,0,1,1,0
144,257,23,0,0,0,1,0,0,1,0,1
5711,10211,23,0,0,0,0,1,1,0,1,1
979,1776,21,1,0,1,1,0,0,1,1,0
2346,4196,32,0,0,0,1,0,1,0,1,1
134,239,29,0,1,0,1,0,0,1,0,1
4737,8426,55,0,0,0,1,0,0,1,0,1
3954,7053,36,0,0,280,1,0,0,1,1,1
247,437,23,1,0,0,1,0,0,1,0,1
629,1130,30,1,22,3,1,0,0,1,0,1
4405,7834,33,0,1,0,1,0,0,1,1,1
6071,10838,27,1,3,2,1,0,1,0,1,1
5058,9013,48,0,1,0,1,0,0,1,0,1
2888,5180,32,0,0,2,0,1,1,0,0,1
2204,3942,38,1,1,7,1,0,0,1,1,1
3829,6825,62,1,22,33,1,0,0,1,1,0
4760,8469,29,1,4,1,1,0,0,1,1,1
593,1063,26,1,10,5,0,1,0,1,1,1
3920,6997,25,1,2,4,0,1,0,1,1,1
2643,4731,21,1,0,42,1,0,0,1,1,1
142,252,31,0,0,2,1,0,0,1,0,1
3442,6156,37,0,4,0,0,1,0,1,0,1
1870,3349,36,1,0,1,0,1,0,1,1,1
4257,7581,27,1,0,0,0,1,0,1,1,1
1668,2976,31,0,5,0,0,1,0,1,1,1
4340,7721,23,1,0,1,1,0,1,0,1,1
3718,6641,20,1,2,129,1,0,0,1,1,0
2087,3732,26,0,1,32,0,1,0,1,1,1
1893,3392,48,0,0,1,0,1,0,1,0,1
4442,7908,20,1,5,1,1,0,0,1,1,0
4302,7661,47,1,28,117,1,0,1,0,0,0
3766,6719,38,1,2,9,1,0,0,1,1,1
3949,7043,26,0,0,1,1,0,0,1,1,1
5892,10511,29,1,8,1,0,1,0,1,1,0
2172,3880,45,1,0,0,1,0,0,1,1,1
3367,6011,22,0,1,236,1,0,0,1,0,1
519,930,22,1,0,0,1,0,0,1,1,0
3639,6501,74,0,0,0,1,0,1,0,1,1
4446,7913,30,0,4,5,0,1,0,1,1,0
4810,8570,45,1,0,1,1,0,0,1,0,1
4301,7660,23,0,0,1,1,0,0,1,1,1
5642,10068,22,0,0,0,1,0,0,1,0,1
2955,5309,25,0,0,2,0,1,1,0,0,1
5105,9094,24,1,3,35,1,0,0,1,1,0
773,1370,53,0,0,0,0,1,1,0,0,1
2618,4682,27,0,1,0,0,1,0,1,0,1
1422,2544,44,1,13,16,1,0,0,1,0,0
2842,5113,21,1,0,1,1,0,0,1,1,1
2700,4847,50,1,3,25,0,1,0,1,0,1
4068,7266,24,0,0,1,1,0,0,1,0,1
472,852,22,1,3,7,1,0,0,1,1,1
202,354,22,0,0,0,1,0,0,1,1,1
555,1001,47,0,20,1,1,0,0,1,1,0
4167,7427,27,0,8,0,0,1,0,1,1,0
443,805,25,1,4,5,1,0,0,1,0,1
5890,10509,25,0,3,1,1,0,0,1,1,1
502,901,27,0,0,1,0,1,0,1,1,1
3188,5697,22,0,0,1,0,1,1,0,1,1
3010,5394,56,0,3,191,1,0,0,1,0,1
1687,3015,46,1,1,0,0,1,0,1,0,1
4820,8589,30,0,0,0,1,0,0,1,0,1
499,895,31,0,1,0,1,0,0,1,0,1
1142,2074,66,0,0,1,0,1,0,1,0,1
5568,9931,58,0,0,1,0,1,0,1,1,1
6027,10754,22,0,0,0,0,1,1,0,0,1
737,1313,25,1,0,9,1,0,0,1,1,0
1290,2324,22,1,0,0,0,1,0,1,0,1
2948,5293,32,0,11,0,1,0,1,0,1,1
4359,7752,25,1,5,1,1,0,0,1,0,1
2223,3977,55,0,0,0,0,1,0,1,0,1
4440,7905,30,0,0,1,1,0,0,1,0,1
2714,4877,22,1,2,0,1,0,0,1,0,1
2899,5193,36,1,5,0,1,0,1,0,1,1
3069,5495,60,0,13,0,1,0,0,1,1,1
1726,3089,23,0,0,0,0,1,1,0,1,1
4146,7395,42,1,17,32,1,0,0,1,1,0
130,234,61,1,1,0,1,0,1,0,1,1
1778,3188,51,0,2,1,1,0,0,1,0,1
3154,5646,23,1,6,1,1,0,0,1,1,1
1995,3571,30,1,1,0,0,1,0,1,0,0
527,949,19,1,2,22,1,0,1,0,0,0
4284,7636,38,0,0,1,0,1,1,0,1,1
5775,10317,62,0,0,0,0,1,0,1,1,1
4725,8407,28,1,0,0,1,0,0,1,0,1
1855,3326,33,0,4,1,1,0,0,1,1,0
3150,5635,52,0,3,0,0,1,1,0,0,1
733,1303,24,1,1,1,1,0,0,1,1,1
3412,6101,27,0,0,0,0,1,0,1,0,1
2672,4793,31,1,6,0,0,1,0,1,0,1
2601,4659,52,0,0,0,0,1,0,1,0,1
1941,3464,24,1,1,21,1,0,0,1,0,1
1843,3309,26,1,5,1,1,0,0,1,0,1
2270,4054,22,0,0,0,1,0,0,1,1,1
2382,4267,49,1,0,1,0,1,0,1,0,1
620,1119,23,1,6,8,1,0,0,1,1,0
4911,8746,37,0,3,38,1,0,0,1,0,1
1122,2045,22,0,1,0,0,1,1,0,0,1
3672,6560,54,0,6,1,1,0,1,0,1,1
2009,3600,27,0,1,1,1,0,0,1,0,1
5624,10040,56,1,2,0,0,1,1,0,1,1
4621,8216,27,0,3,37,0,1,0,1,1,1
3657,6533,23,0,2,1,0,1,1,0,0,1
2694,4837,41,0,2,1,0,1,0,1,0,1
6081,10859,28,0,5,0,1,0,1,0,1,0
5073,9041,36,0,0,0,0,1,0,1,0,1
4590,8163,24,1,0,1,0,1,0,1,1,1
263,467,24,1,9,4,1,0,0,1,0,0
528,951,31,0,1,-1,0,1,0,1,1,1
1001,1817,32,1,6,3,1,0,1,0,1,1
5640,10065,26,0,1,0,0,1,0,1,0,1
4282,7634,36,0,0,0,1,0,0,1,1,1
684,1220,39,0,0,0,1,0,0,1,1,1
2972,5335,52,0,7,0,1,0,0,1,0,1
4963,8828,50,0,1,9,1,0,0,1,0,1
5082,9055,21,1,0,1,0,1,1,0,0,1
4519,8041,27,1,6,1,1,0,0,1,0,1
533,960,26,1,3,1,1,0,0,1,0,1
5040,8972,27,1,1,16,0,1,1,0,1,1
5460,9729,39,1,0,57,1,0,1,0,1,1
3990,7130,40,1,4,33,1,0,0,1,0,1
2178,3891,21,1,0,1,1,0,1,0,1,0
5271,9385,55,1,8,6,1,0,0,1,0,1
1977,3538,21,0,1,0,1,0,0,1,1,1
5748,10271,33,0,2,4,0,1,0,1,0,1
1083,1955,60,0,1,18,1,0,0,1,0,1
2616,4680,34,0,0,0,1,0,0,1,0,1
5422,9659,25,0,0,0,0,1,0,1,1,1
3389,6056,31,1,17,1,1,0,0,1,0,0
3074,5502,24,1,1,0,1,0,0,1,1,1
4310,7674,24,1,0,0,0,1,0,1,1,1
2841,5112,40,1,5,30,1,0,0,1,1,1
1702,3037,21,0,1,0,1,0,0,1,0,1
3151,5637,60,0,1,1,0,1,0,1,0,1
5292,9420,26,0,2,7,1,0,0,1,1,1
4203,7484,30,1,8,45,1,0,1,0,1,1
2329,4168,50,0,10,0,1,0,0,1,0,1
3149,5634,39,0,0,3,1,0,0,1,0,1
4083,7292,35,0,13,2,1,0,1,0,1,0
3823,6815,21,0,2,1,1,0,0,1,1,0
4721,8401,39,1,16,35,1,0,0,1,0,0
1460,2609,25,0,9,2,1,0,0,1,1,1
206,358,37,1,0,35,1,0,0,1,0,1
462,837,46,1,2,0,1,0,0,1,0,1
5489,9782,29,0,11,0,0,1,0,1,1,0
1568,2797,28,1,0,1,0,1,0,1,1,1
5167,9214,23,0,0,0,1,0,0,1,1,1
2118,3783,38,0,0,7,1,0,0,1,0,1
2193,3924,37,0,13,1,1,0,1,0,1,1
842,1511,29,0,0,0,0,1,0,1,1,1
4390,7808,37,1,2,0,1,0,0,1,1,1
949,1706,33,1,4,1,0,1,0,1,1,1
2211,3958,44,0,0,1,1,0,0,1,0,1
2244,4005,35,0,4,31,0,1,0,1,0,1
394,711,24,1,6,26,1,0,1,0,1,0
2115,3779,27,0,1,2,0,1,0,1,1,1
1014,1845,33,0,1,0,1,0,1,0,1,1
2259,4032,28,0,2,13,0,1,0,1,0,1
1718,3069,35,0,1,1,1,0,0,1,0,1
3053,5463,21,1,1,1,1,0,0,1,1,1
2868,5151,54,0,2,0,1,0,1,0,0,1
4917,8755,36,1,0,1,0,1,0,1,0,1
4571,8135,50,1,1,1,1,0,1,0,0,1
4276,7615,34,0,0,-1,1,0,0,1,1,1
4105,7326,24,0,3,75,1,0,0,1,1,0
2943,5281,23,0,0,2,0,1,0,1,0,1
2505,4480,25,1,9,87,1,0,0,1,0,0
4428,7884,39,1,17,35,1,0,0,1,0,1
5269,9380,38,0,5,1,1,0,0,1,0,1
3902,6960,31,0,0,2,1,0,1,0,1,1
4479,7973,25,0,0,0,0,1,0,1,1,1
1615,2885,37,1,13,0,1,0,0,1,1,0
4436,7898,35,0,2,1,1,0,0,1,1,1
2443,4383,53,1,18,41,0,1,0,1,1,1
982,1783,21,0,0,4,1,0,0,1,0,1
4195,7469,31,1,4,4,1,0,0,1,1,1
4391,7809,55,1,0,6,1,0,1,0,0,1
39,64,29,1,0,0,1,0,0,1,1,1
944,1697,25,0,1,266,1,0,0,1,0,1
3411,6100,34,1,0,1,1,0,0,1,0,1
3725,6653,30,0,4,29,1,0,1,0,0,1
1607,2870,24,1,2,12,0,1,0,1,1,1
464,841,23,0,2,0,1,0,0,1,0,1
15,23,31,1,6,1,1,0,0,1,0,1
5029,8949,39,0,3,2,0,1,1,0,1,1
4872,8673,25,0,0,0,0,1,0,1,0,1
3605,6448,29,1,4,7,0,1,0,1,0,1
1953,3491,35,0,0,1,0,1,0,1,0,1
2033,3643,23,1,1,2,1,0,0,1,1,1
4731,8419,44,0,0,0,1,0,0,1,1,1
1940,3463,39,0,1,0,1,0,0,1,0,1
2111,3773,23,0,0,1,0,1,0,1,0,1
535,963,25,0,1,1,1,0,0,1,0,1
4121,7347,25,0,0,5,1,0,1,0,1,1
3654,6528,29,1,6,0,1,0,0,1,1,1
5837,10419,32,1,6,9,0,1,0,1,0,1
5160,9197,25,1,1,1,1,0,0,1,0,1
5020,8936,27,0,0,1,0,1,0,1,1,1
539,968,35,1,0,-1,1,0,1,0,0,1
3319,5929,26,1,2,-1,1,0,0,1,0,1
1427,2556,23,0,0,0,1,0,0,1,1,1
3311,5914,27,0,2,0,1,0,0,1,1,1
1692,3023,30,1,14,2,1,0,0,1,1,0
5182,9238,34,0,0,0,1,0,1,0,1,1
1564,2790,43,0,0,0,0,1,0,1,0,1
3067,5491,20,0,0,0,1,0,0,1,0,1
5781,10330,67,0,0,42,0,1,0,1,0,1
3568,6381,33,1,13,0,1,0,0,1,1,1
4660,8283,26,1,2,33,1,0,1,0,0,1
2243,4004,27,0,1,44,1,0,1,0,1,1
4879,8683,30,0,2,0,1,0,0,1,0,1
2843,5116,28,1,10,243,1,0,0,1,1,1
895,1607,26,1,4,0,1,0,1,0,1,1
509,916,40,0,0,1,1,0,0,1,1,1
6119,10924,36,0,0,2,0,1,0,1,1,1
5350,9536,37,1,23,-1,0,1,1,0,1,0
5032,8960,36,1,2,47,1,0,0,1,1,1
3073,5501,33,1,3,3,1,0,0,1,1,1
1961,3504,26,0,2,28,0,1,0,1,1,1
2262,4037,24,1,3,1,0,1,0,1,0,0
4388,7806,35,0,3,1,0,1,0,1,0,1
3071,5497,43,0,0,0,0,1,0,1,0,1
572,1026,46,1,17,6,1,0,0,1,1,0
1984,3547,49,0,3,0,1,0,0,1,1,1
3682,6580,49,0,0,-1,0,1,0,1,0,1
4209,7496,24,0,0,2,1,0,0,1,0,0
1596,2855,25,1,1,0,0,1,1,0,1,1
735,1306,30,1,5,1,1,0,0,1,1,1
2812,5051,30,0,3,65,1,0,0,1,0,1
1116,2035,26,1,0,1,1,0,0,1,1,1
4331,7705,55,0,2,2,1,0,1,0,0,1
5900,10523,29,1,4,3,1,0,0,1,0,1
4416,7853,41,1,3,2,0,1,0,1,1,1
98,175,42,1,1,0,1,0,0,1,0,1
4117,7342,41,1,0,1,1,0,0,1,0,1
5548,9890,26,0,1,14,0,1,0,1,1,1
5742,10259,57,0,0,1,0,1,0,1,0,1
451,815,21,1,0,-1,1,0,0,1,0,1
227,399,52,0,0,0,1,0,1,0,1,1
5313,9461,36,0,1,0,0,1,0,1,0,1
317,573,28,0,1,1,0,1,0,1,1,1
4577,8143,45,0,1,0,1,0,0,1,0,1
3267,5833,47,0,3,2,1,0,0,1,0,1
2407,4317,25,0,1,1,0,1,0,1,1,1
3324,5937,25,1,0,0,0,1,0,1,1,1
6128,10936,23,1,0,1,1,0,0,1,1,1
2374,4252,47,0,2,1,0,1,0,1,0,1
5643,10069,36,0,0,1,1,0,1,0,0,1
1580,2825,23,1,1,0,1,0,0,1,0,1
4118,7343,25,0,0,1,1,0,0,1,0,1
2149,3839,62,1,3,1,0,1,0,1,1,1
4396,7817,27,0,0,0,0,1,0,1,0,1
751,1334,28,0,1,2,1,0,0,1,1,1
29,45,55,0,0,2,1,0,0,1,0,1
1281,2309,23,1,0,1,1,0,1,0,0,1
3318,5928,50,0,0,2,1,0,0,1,0,1
5702,10195,27,0,0,0,0,1,0,1,0,1
1513,2698,60,1,0,1,1,0,1,0,0,1
3861,6889,35,1,3,9,0,1,0,1,0,1
1086,1961,26,1,2,1,1,0,0,1,0,0
5828,10406,43,0,2,-1,1,0,0,1,1,1
5753,10280,27,1,2,0,1,0,0,1,1,0
6123,10930,29,1,7,4,1,0,0,1,1,1
1651,2946,25,0,1,1,1,0,0,1,0,1
2894,5187,71,0,13,0,1,0,0,1,0,1
5777,10324,24,1,1,0,0,1,1,0,1,1
4668,8298,30,0,0,0,1,0,0,1,0,1
1391,2498,49,0,2,1,0,1,0,1,0,1
1526,2722,35,0,12,10,1,0,0,1,0,0
1022,1859,34,0,0,1,0,1,1,0,1,1
977,1771,20,1,0,0,1,0,0,1,0,1
3108,5558,25,0,1,42,0,1,0,1,0,1
4106,7327,39,0,0,1,0,1,0,1,1,1
194,338,23,0,2,71,1,0,0,1,1,0
5484,9773,22,1,3,16,1,0,0,1,1,1
3972,7100,25,1,11,29,0,1,0,1,1,0
6117,10921,26,0,2,0,0,1,0,1,1,1
1622,2898,31,0,0,0,0,1,1,0,0,1
3169,5668,40,0,3,13,1,0,0,1,1,1
3254,5814,40,1,0,29,0,1,0,1,0,0
5166,9212,56,0,6,0,1,0,0,1,0,1
5094,9077,23,0,10,70,1,0,0,1,0,1
1008,1830,20,1,0,4,0,1,0,1,1,0
3131,5600,25,1,0,1,0,1,0,1,1,1
4154,7411,30,0,5,1,0,1,0,1,1,0
3736,6667,24,0,1,0,1,0,1,0,1,1
2751,4945,27,1,2,62,1,0,1,0,0,1
2388,4281,29,0,4,0,0,1,0,1,1,1
3916,6983,52,0,4,4,0,1,0,1,1,1
1696,3031,29,1,7,1,1,0,0,1,0,0
2657,4766,26,1,2,0,1,0,0,1,0,0
6033,10762,26,0,1,5,0,1,1,0,0,1
3526,6303,40,0,2,3,0,1,1,0,0,1
2916,5225,24,1,1,1,1,0,0,1,1,1
5093,9076,31,1,1,1,0,1,1,0,1,1
991,1797,27,1,3,3,1,0,1,0,1,0
4463,7945,26,0,2,1,1,0,0,1,0,1
2966,5327,32,1,1,0,1,0,0,1,0,1
1220,2205,23,0,0,1,0,1,1,0,1,1
4398,7819,21,1,2,21,0,1,0,1,1,0
6077,10851,29,1,2,10,1,0,1,0,1,1
2372,4247,25,0,3,7,0,1,0,1,1,1
3680,6574,31,1,2,0,1,0,1,0,1,1
5635,10058,53,0,13,1,0,1,0,1,1,1
1642,2932,36,0,2,0,1,0,0,1,1,1
2838,5103,30,0,7,1,1,0,0,1,0,0
1900,3401,46,1,3,20,0,1,0,1,1,1
3953,7051,56,0,1,1,1,0,0,1,1,1
4349,7734,26,1,0,-1,1,0,0,1,1,1
3457,6179,44,1,6,118,1,0,0,1,0,1
302,542,23,1,3,0,1,0,0,1,1,0
4217,7511,20,1,0,1,1,0,0,1,1,1
4449,7916,25,0,0,0,1,0,0,1,1,1
2369,4239,35,0,0,1,1,0,0,1,0,1
42,68,49,0,0,0,0,1,0,1,0,1
4054,7242,22,0,0,1,0,1,1,0,1,1
4254,7576,31,1,1,-1,1,0,0,1,1,0
5172,9221,22,1,3,2,1,0,0,1,0,1
5493,9787,21,1,0,4,1,0,1,0,1,1
1528,2724,69,1,6,1,1,0,0,1,0,1
768,1361,27,1,5,0,0,1,0,1,1,1
1889,3386,35,1,6,1,1,0,0,1,0,1
1737,3114,41,1,2,161,1,0,0,1,0,0
661,1181,35,0,4,2,1,0,1,0,1,1
1921,3429,21,1,0,3,1,0,0,1,1,1
1332,2398,56,0,1,1,1,0,1,0,0,1
217,382,23,1,5,0,1,0,1,0,0,1
6166,10995,20,0,0,0,1,0,0,1,1,0
2267,4048,33,1,3,14,1,0,0,1,0,0
2975,5341,38,1,5,3,1,0,0,1,0,1
4275,7613,51,0,1,6,1,0,0,1,0,1
5010,8914,20,1,2,16,1,0,0,1,1,1
3197,5717,33,1,1,1,0,1,0,1,1,1
388,701,28,0,5,1,1,0,0,1,1,0
4977,8855,49,1,12,2,1,0,0,1,0,1
1206,2179,54,0,9,1,0,1,0,1,1,1
3545,6339,49,1,11,32,0,1,0,1,1,1
5966,10637,43,1,6,0,0,1,0,1,0,1
2876,5163,26,1,9,0,1,0,0,1,0,1
6146,10964,36,0,9,57,1,0,0,1,1,1
1063,1924,20,1,0,209,1,0,0,1,1,0
6032,10761,24,1,4,3,1,0,0,1,1,1
2782,4994,26,1,1,8,1,0,0,1,0,1
2177,3890,37,0,11,1,1,0,0,1,0,1
294,527,69,0,0,0,0,1,0,1,0,1
2626,4698,54,0,10,30,1,0,0,1,1,1
1370,2465,37,0,2,0,1,0,0,1,1,1
4912,8747,25,1,5,0,1,0,0,1,0,0
5378,9586,22,1,0,0,0,1,1,0,1,1
3520,6296,31,1,1,0,0,1,0,1,1,1
1035,1874,28,0,1,1,0,1,1,0,0,1
2345,4195,31,1,0,1,0,1,1,0,1,1
4088,7299,26,1,9,2,1,0,0,1,1,0
5651,10088,28,0,1,0,1,0,1,0,1,1
3508,6274,28,1,16,29,1,0,0,1,0,0
6055,10806,22,1,8,39,1,0,0,1,1,1
6053,10801,20,1,1,4,1,0,0,1,1,1
4196,7472,80,0,0,0,0,1,0,1,0,1
2284,4075,41,0,13,2,1,0,0,1,1,1
2164,3863,26,0,0,0,0,1,0,1,0,1
861,1548,28,1,6,0,1,0,0,1,1,0
429,781,48,0,12,1,1,0,0,1,0,1
3855,6882,29,1,17,1,1,0,0,1,1,0
1939,3462,37,1,1,1,0,1,0,1,0,1
5154,9186,41,0,9,2,0,1,0,1,1,0
2630,4705,52,1,3,31,0,1,0,1,1,1
4126,7356,21,1,0,1,0,1,0,1,0,1
4811,8572,26,0,2,2,0,1,0,1,1,1
812,1448,23,0,0,2,0,1,0,1,0,1
304,546,36,0,1,95,1,0,0,1,0,1
4107,7330,32,1,3,0,1,0,1,0,1,1
1654,2954,21,0,0,0,1,0,0,1,0,1
5603,9996,44,1,0,0,1,0,1,0,0,1
5590,9970,34,1,13,1,1,0,0,1,1,1
5712,10214,23,0,4,31,1,0,0,1,1,0
2974,5339,46,1,7,36,1,0,0,1,0,1
4994,8881,40,1,0,4,1,0,0,1,1,0
5244,9336,26,0,5,0,1,0,0,1,1,1
1095,1976,23,1,6,0,1,0,0,1,0,1
286,516,32,1,12,1,1,0,0,1,1,0
1045,1894,27,1,0,2,0,1,0,1,1,1
1511,2692,37,1,3,83,1,0,0,1,0,1
3283,5864,25,1,2,0,1,0,0,1,0,1
2543,4550,40,1,24,1,0,1,0,1,1,0
4445,7912,21,1,0,28,1,0,0,1,0,1
5148,9178,33,1,3,4,0,1,1,0,1,1
1722,3084,50,0,7,1,0,1,1,0,1,1
4136,7381,43,0,0,-1,1,0,1,0,1,1
532,959,20,1,4,2,1,0,0,1,1,0
3429,6133,49,0,0,-1,1,0,0,1,0,1
2650,4749,47,0,1,1,1,0,0,1,0,1
5968,10645,31,0,0,-1,1,0,0,1,1,1
3790,6763,36,0,0,0,0,1,1,0,0,1
818,1461,23,1,2,6,1,0,0,1,1,1
4864,8661,50,0,1,0,0,1,0,1,0,1
6013,10720,22,1,1,0,0,1,0,1,1,1
6137,10951,22,0,0,0,0,1,0,1,0,1
4707,8373,66,0,2,56,0,1,0,1,0,1
1314,2370,28,0,0,1,0,1,1,0,1,1
5600,9985,42,0,8,1,1,0,0,1,0,1
1362,2451,61,0,0,0,0,1,0,1,0,1
731,1298,24,0,7,1,0,1,0,1,1,0
4386,7799,25,1,11,531,0,1,0,1,1,0
4176,7443,29,0,1,0,0,1,1,0,1,1
5373,9576,46,0,1,0,1,0,1,0,0,1
4355,7741,21,1,0,1,1,0,0,1,1,1
187,331,37,1,4,1,1,0,0,1,0,1
2877,5166,40,0,9,0,1,0,0,1,0,0
4569,8133,43,1,1,31,1,0,0,1,1,1
2385,4274,25,1,4,0,1,0,0,1,1,0
4792,8527,50,1,7,7,0,1,1,0,0,1
2921,5246,53,0,0,0,0,1,1,0,0,1
70,120,41,0,1,1,0,1,0,1,1,1
2959,5315,38,0,0,0,0,1,0,1,0,1
5288,9414,41,1,1,2,0,1,0,1,0,1
2584,4629,55,1,0,30,0,1,0,1,0,1
871,1568,34,1,0,2,1,0,0,1,0,1
660,1179,37,0,4,1,1,0,0,1,1,1
3351,5985,65,0,0,0,0,1,0,1,0,1
4278,7620,54,0,1,0,1,0,0,1,1,1
888,1597,40,0,0,2,1,0,0,1,1,1
1161,2105,51,0,1,17,1,0,0,1,0,1
5936,10579,40,1,8,0,0,1,0,1,1,1
2619,4683,29,0,0,1,0,1,0,1,0,1
1411,2529,26,1,0,0,0,1,0,1,1,1
1196,2162,37,0,0,5,0,1,1,0,1,1
2586,4634,27,1,0,-1,0,1,0,1,0,1
1815,3265,47,0,0,0,1,0,1,0,0,1
5215,9280,34,0,4,0,0,1,1,0,0,1
2539,4537,41,0,8,1,1,0,0,1,1,1
1571,2804,44,1,10,5,0,1,0,1,1,1
1,3,34,1,0,10,1,0,0,1,1,1
2836,5100,31,1,2,27,1,0,1,0,0,1
224,393,37,0,2,0,1,0,1,0,1,1
5502,9805,25,1,2,49,1,0,0,1,1,1
641,1150,47,1,19,30,1,0,1,0,1,0
4665,8290,22,1,12,35,1,0,0,1,1,0
2824,5068,31,0,0,-1,1,0,0,1,0,1
2460,4408,42,0,3,1,1,0,0,1,1,1
5869,10467,45,0,2,0,0,1,0,1,0,1
3647,6520,26,0,1,1,1,0,1,0,1,1
5159,9196,35,1,0,1,1,0,0,1,0,1
20,28,21,0,0,1,1,0,1,0,0,1
5129,9150,21,1,2,0,1,0,0,1,0,0
3343,5973,51,1,6,18,0,1,0,1,0,1
6114,10918,30,0,2,63,1,0,0,1,0,1
1096,1982,46,0,0,0,0,1,0,1,0,1
396,713,58,1,12,3,0,1,0,1,1,1
5947,10596,22,0,3,2,1,0,0,1,0,1
283,505,29,0,0,1,1,0,0,1,1,1
5335,9511,30,0,0,0,1,0,0,1,0,1
5145,9174,20,1,0,2,1,0,1,0,0,0
557,1003,35,1,1,79,0,1,0,1,1,0
5303,9442,25,1,1,1,1,0,0,1,1,0
5039,8971,26,0,2,0,1,0,0,1,1,1
2091,3739,55,0,1,1,0,1,0,1,0,1
776,1376,28,0,1,1,1,0,0,1,0,1
3335,5958,21,1,1,15,1,0,0,1,1,1
5156,9189,48,0,6,5,1,0,0,1,0,1
2740,4932,47,1,3,39,1,0,0,1,1,0
2878,5168,21,1,7,10,1,0,0,1,1,0
1928,3444,44,1,0,1,1,0,0,1,0,1
72,127,50,1,0,0,1,0,0,1,0,1
2048,3663,33,0,8,1,1,0,0,1,1,1
1041,1886,60,0,12,1,1,0,0,1,1,1
4498,8009,31,1,13,1,1,0,0,1,1,0
401,721,24,0,0,1,1,0,0,1,0,0
5974,10653,64,0,0,1,0,1,0,1,1,1
1625,2902,43,0,0,1,0,1,0,1,0,1
3030,5431,43,1,3,1,0,1,1,0,0,1
5875,10483,21,0,0,3,0,1,0,1,1,1
1804,3237,41,0,0,-1,0,1,0,1,0,1
5289,9415,57,0,7,151,1,0,0,1,0,1
5876,10484,29,0,2,1,0,1,0,1,0,1
3728,6657,40,1,15,65,1,0,1,0,1,1
916,1642,29,0,1,0,0,1,0,1,0,1
1034,1872,35,0,0,0,0,1,0,1,1,1
5418,9654,48,1,3,1,1,0,0,1,1,1
4655,8277,23,0,0,0,0,1,1,0,0,1
489,880,64,0,1,7,1,0,0,1,0,1
5898,10520,24,1,0,0,1,0,1,0,1,1
3609,6453,39,1,13,1,1,0,0,1,1,0
2493,4461,64,0,8,0,1,0,0,1,0,1
2501,4475,25,0,0,0,0,1,0,1,1,1
1121,2044,33,0,0,0,0,1,0,1,0,1
5013,8921,37,1,1,1,0,1,0,1,0,1
2142,3821,45,0,2,11,1,0,1,0,1,1
3979,7112,55,1,10,4,0,1,0,1,1,1
5463,9732,20,1,2,58,1,0,0,1,1,1
4465,7948,27,0,0,2,1,0,0,1,1,1
1750,3139,25,0,0,0,1,0,0,1,0,1
5563,9920,50,1,0,0,0,1,1,0,0,1
6044,10783,66,0,0,1,0,1,0,1,0,1
1442,2578,63,1,23,2,1,0,0,1,0,1
1974,3533,26,1,8,41,1,0,0,1,0,0
5599,9984,24,0,0,1,1,0,0,1,1,0
2809,5048,26,1,5,33,1,0,1,0,1,1
2141,3820,30,0,3,0,0,1,0,1,0,1
2998,5379,27,0,11,4,1,0,0,1,1,0
195,344,41,0,0,0,0,1,0,1,1,1
5901,10525,39,1,3,34,1,0,0,1,1,1
2188,3911,45,0,8,1,1,0,0,1,0,1
3713,6634,33,1,21,6,0,1,0,1,1,1
2579,4620,41,0,0,0,1,0,0,1,0,1
4755,8462,31,0,1,0,1,0,0,1,0,1
5006,8906,20,1,1,13,1,0,0,1,0,0
4385,7796,30,1,2,0,1,0,0,1,1,0
2892,5184,38,0,0,1,1,0,0,1,1,1
3992,7136,26,1,3,13,1,0,0,1,1,0
1715,3066,25,0,1,0,1,0,1,0,1,1
2368,4236,35,1,7,1,1,0,0,1,1,1
2377,4256,34,1,0,2,1,0,0,1,1,0
683,1219,33,0,0,1,0,1,1,0,1,1
4175,7442,26,1,0,0,1,0,0,1,0,1
4404,7832,40,1,8,43,0,1,0,1,1,1
3498,6249,38,1,2,9,1,0,0,1,0,1
1270,2290,32,1,1,1,1,0,0,1,1,1
6011,10718,22,0,0,1,1,0,0,1,0,1
843,1513,30,1,6,2,1,0,0,1,1,1
3985,7121,40,0,0,19,1,0,0,1,0,1
4411,7846,25,1,3,0,1,0,0,1,0,1
6083,10863,29,1,2,1,1,0,0,1,1,1
3514,6285,34,1,0,62,1,0,1,0,0,1
2006,3596,57,0,0,27,1,0,0,1,0,1
3471,6203,26,0,1,7,0,1,0,1,1,1
5763,10300,56,0,0,0,0,1,0,1,0,1
2102,3759,31,0,14,1,1,0,1,0,1,0
1985,3550,31,1,7,77,1,0,0,1,1,1
405,727,56,0,0,0,1,0,0,1,0,1
1573,2809,23,0,0,1,1,0,0,1,1,1
6104,10894,33,0,3,0,1,0,0,1,1,1
4443,7909,67,0,8,1,1,0,0,1,1,1
5437,9686,24,0,0,0,1,0,0,1,1,1
3147,5632,42,1,5,6,0,1,1,0,0,1
1108,2014,30,0,0,0,0,1,0,1,0,1
5762,10299,41,0,1,1,0,1,0,1,1,1
4771,8487,37,0,3,241,1,0,0,1,0,0
2400,4306,22,1,3,319,1,0,0,1,1,0
2951,5297,30,1,15,1,0,1,1,0,1,0
1790,3209,22,0,3,128,1,0,0,1,1,1
6171,11001,23,1,2,1,1,0,1,0,0,1
2526,4516,45,1,1,0,0,1,0,1,0,1
5049,8996,22,0,1,1,1,0,0,1,1,1
5683,10159,49,0,0,0,1,0,0,1,0,1
5332,9501,45,0,0,1,0,1,0,1,0,1
5398,9624,39,0,0,0,0,1,0,1,1,1
5189,9245,26,0,2,-1,0,1,0,1,1,1
5807,10370,26,0,0,0,1,0,1,0,0,1
2200,3936,43,1,6,0,0,1,0,1,1,0
5069,9034,43,1,3,1,0,1,0,1,1,1
5194,9253,40,0,4,1,1,0,0,1,0,1
5063,9023,56,0,1,3,0,1,0,1,0,1
1357,2443,29,0,3,177,1,0,0,1,0,1
917,1643,26,0,0,0,1,0,0,1,0,1
980,1780,35,0,2,14,1,0,1,0,1,1
3201,5725,22,1,2,0,1,0,0,1,1,1
2621,4686,50,0,0,1,0,1,1,0,1,1
3931,7020,30,1,0,1,1,0,0,1,0,1
379,686,41,1,0,3,0,1,0,1,0,1
4860,8653,59,0,0,1,1,0,0,1,0,1
6108,10903,20,1,1,109,1,0,0,1,1,0
4092,7305,58,1,0,1,1,0,1,0,0,1
33,54,34,1,21,33,1,0,0,1,1,0
910,1632,30,1,8,1,1,0,0,1,1,0
4701,8361,37,0,7,1,1,0,0,1,1,1
1139,2069,23,0,0,1,1,0,0,1,1,1
1749,3138,33,1,11,44,1,0,0,1,1,1
2060,3687,45,1,13,0,1,0,0,1,1,1
3960,7074,23,1,4,133,0,1,1,0,0,0
3594,6430,50,0,0,0,0,1,0,1,1,1
864,1553,51,1,0,1,1,0,0,1,0,1
4482,7977,21,0,0,1,0,1,0,1,1,0
3616,6468,63,0,1,0,1,0,1,0,1,1
2207,3947,40,0,1,0,1,0,0,1,0,1
2285,4076,33,0,6,0,1,0,0,1,1,1
49,84,49,0,4,0,0,1,0,1,1,1
3888,6937,29,0,0,28,1,0,1,0,0,1
2720,4887,29,1,6,0,1,0,0,1,0,1
5798,10356,28,1,3,165,1,0,0,1,0,0
5487,9778,36,0,0,0,1,0,0,1,1,1
675,1205,63,0,0,0,0,1,0,1,1,1
381,688,27,1,13,1,0,1,0,1,1,0
5366,9563,22,0,1,11,1,0,0,1,0,1
4942,8791,29,0,0,-1,0,1,1,0,0,1
1906,3409,22,0,0,2,0,1,0,1,1,1
2550,4566,30,0,1,2,0,1,1,0,1,1
2729,4907,31,1,16,52,1,0,0,1,1,0
223,390,27,0,4,0,1,0,0,1,1,1
2090,3738,28,0,14,0,1,0,0,1,0,0
2311,4128,20,1,0,1,0,1,0,1,1,1
4365,7759,22,1,0,0,1,0,0,1,1,1
5161,9201,24,1,1,0,1,0,0,1,1,1
4827,8605,35,0,6,0,1,0,0,1,1,1
875,1575,28,1,3,-1,0,1,0,1,1,1
2717,4884,31,0,0,0,0,1,0,1,0,1
4397,7818,41,0,1,62,1,0,0,1,0,1
5960,10626,46,0,0,0,1,0,0,1,0,1
4031,7200,21,0,1,156,1,0,0,1,1,1
4269,7604,59,0,0,1,0,1,0,1,0,1
3460,6185,27,1,3,7,1,0,0,1,1,0
1145,2077,28,0,1,1,0,1,0,1,1,1
5845,10431,41,0,3,0,0,1,0,1,0,1
1710,3055,61,0,5,12,1,0,0,1,1,1
4016,7176,35,0,1,0,1,0,0,1,0,1
4666,8292,28,1,12,76,1,0,0,1,1,0
125,227,31,1,0,1,1,0,1,0,1,1
4234,7541,63,0,5,4,0,1,0,1,0,1
5765,10302,61,0,14,1,0,1,0,1,1,1
5266,9376,29,0,0,1,1,0,0,1,0,1
5411,9641,57,0,2,9,1,0,0,1,0,1
1620,2893,27,0,4,33,1,0,0,1,1,0
3352,5987,33,1,5,119,1,0,0,1,0,1
349,635,31,1,7,1,0,1,0,1,1,1
3016,5403,32,1,8,2,1,0,0,1,1,0
2433,4362,40,1,4,15,1,0,0,1,0,1
880,1584,25,0,1,0,1,0,0,1,0,1
1282,2310,28,0,3,0,1,0,0,1,1,1
444,806,24,0,0,15,1,0,0,1,0,1
3891,6943,24,1,4,2,1,0,1,0,1,1
3118,5578,24,1,3,44,1,0,0,1,1,0
4762,8472,28,1,7,0,1,0,0,1,1,0
1850,3319,40,0,0,1,1,0,1,0,0,1
3262,5826,45,0,0,37,1,0,0,1,0,1
5797,10355,29,0,5,258,1,0,0,1,0,1
2636,4718,39,0,1,29,1,0,0,1,0,1
5549,9891,27,0,1,-1,1,0,0,1,1,1
1624,2901,26,1,6,18,1,0,0,1,1,0
4837,8618,39,0,2,6,1,0,1,0,0,1
5019,8933,25,1,4,33,1,0,0,1,0,0
5371,9570,22,1,0,7,1,0,0,1,1,1
2887,5179,36,1,26,0,1,0,0,1,1,0
5676,10137,32,0,0,24,1,0,0,1,1,1
5075,9043,32,1,5,0,1,0,0,1,0,1
4084,7293,34,0,19,1,0,1,0,1,1,0
2148,3838,53,0,1,0,0,1,0,1,1,1
4109,7332,37,1,0,0,1,0,0,1,0,1
5283,9404,32,1,1,21,0,1,0,1,1,1
380,687,20,1,0,22,1,0,0,1,0,0
465,843,42,0,8,1,1,0,0,1,1,1
8,15,23,1,3,4,0,1,0,1,1,1
2559,4588,24,1,2,10,1,0,0,1,1,1
4215,7508,44,0,0,1,0,1,0,1,0,1
1785,3203,24,0,0,36,1,0,1,0,0,0
1343,2412,25,0,6,1,1,0,0,1,0,1
1533,2737,26,1,9,2,1,0,0,1,1,0
1556,2775,32,1,9,4,0,1,0,1,0,1
3113,5567,33,0,0,1,1,0,1,0,1,1
2840,5108,55,0,0,1,0,1,0,1,0,1
4219,7514,44,0,3,0,1,0,0,1,0,1
147,260,62,0,8,15,1,0,0,1,1,1
3093,5535,21,1,1,48,1,0,0,1,0,1
3158,5652,43,1,2,1,1,0,1,0,1,1
5362,9556,30,0,1,17,1,0,0,1,0,1
1363,2453,51,1,5,20,0,1,1,0,0,1
210,363,44,1,8,4,0,1,0,1,0,1
5035,8964,38,1,17,1,0,1,0,1,1,1
3368,6013,29,0,2,22,1,0,0,1,0,1
4125,7355,35,0,2,1,0,1,1,0,0,1
3083,5518,31,0,1,-1,0,1,0,1,0,1
2241,4002,29,0,0,42,0,1,0,1,1,1
5206,9267,40,0,0,1,0,1,1,0,0,1
3474,6207,38,1,0,749,0,1,0,1,1,0
1763,3162,29,1,7,27,0,1,0,1,0,1
2611,4674,20,1,0,1,0,1,0,1,1,1
5137,9165,26,0,0,1,1,0,0,1,1,0
415,745,30,0,0,1,0,1,1,0,0,1
2078,3719,23,0,2,76,1,0,0,1,1,0
4368,7763,45,0,7,1,1,0,0,1,1,1
167,297,23,0,1,0,0,1,1,0,1,1
2381,4265,60,0,9,0,1,0,0,1,1,0
3162,5658,21,1,0,0,1,0,0,1,1,1
3677,6571,51,1,12,0,1,0,0,1,1,0
1294,2329,25,1,14,83,1,0,0,1,1,0
4724,8406,30,1,5,2,1,0,0,1,0,0
1817,3268,25,1,5,0,0,1,0,1,0,1
244,431,38,1,3,1,1,0,0,1,0,1
2423,4340,26,1,2,4,1,0,0,1,1,1
6049,10793,46,1,7,3,1,0,1,0,0,1
154,271,24,0,0,1,1,0,0,1,0,1
4819,8586,52,0,2,10,0,1,0,1,1,1
1806,3242,23,0,2,18,1,0,0,1,1,1
3849,6866,23,0,1,-1,0,1,1,0,1,1
6130,10940,30,0,2,6,0,1,0,1,0,0
5482,9767,42,0,0,-1,0,1,0,1,0,1
1867,3344,38,1,2,192,1,0,0,1,1,1
3374,6030,48,0,10,175,1,0,0,1,1,1
5705,10198,35,0,2,0,1,0,0,1,0,1
3786,6756,32,1,0,5,1,0,0,1,0,1
5227,9299,38,1,1,1,1,0,0,1,0,1
2923,5249,28,0,0,0,1,0,0,1,1,1
3307,5904,26,1,4,0,1,0,0,1,1,0
2229,3987,25,1,2,0,1,0,0,1,0,1
1421,2543,37,0,24,19,1,0,0,1,1,0
66,113,22,1,1,16,0,1,0,1,1,1
3579,6396,54,0,6,0,1,0,0,1,0,1
3581,6399,35,0,5,0,1,0,0,1,0,1
6093,10878,47,1,3,5,0,1,0,1,0,1
2242,4003,26,0,0,1,0,1,0,1,0,1
1224,2209,28,1,3,1,1,0,0,1,0,1
347,630,22,0,0,1,1,0,0,1,0,1
3553,6359,54,1,3,2,1,0,0,1,1,1
5016,8925,27,0,0,3,1,0,0,1,1,1
4770,8486,47,1,7,0,1,0,1,0,1,0
3856,6883,54,0,1,4,0,1,1,0,0,1
2953,5301,27,1,0,3,1,0,0,1,1,1
1563,2788,54,0,0,6,1,0,0,1,0,1
1712,3057,25,1,4,0,1,0,0,1,1,1
6170,11000,33,0,3,1,0,1,1,0,1,1
4748,8449,31,1,3,0,0,1,0,1,0,1
3007,5390,21,1,0,7,1,0,0,1,1,0
1106,2009,32,1,4,1,0,1,0,1,1,1
3269,5837,34,0,0,1,0,1,1,0,0,1
608,1092,24,0,1,6,1,0,0,1,0,0
1160,2103,28,1,2,1,1,0,0,1,1,1
4711,8381,35,0,1,1,0,1,0,1,1,1
2194,3925,22,1,0,13,1,0,0,1,1,1
348,633,58,0,2,1,0,1,1,0,0,1
1364,2454,32,0,1,15,1,0,0,1,0,1
5360,9553,60,0,2,10,0,1,0,1,0,1
4325,7697,29,0,0,0,0,1,0,1,1,1
3394,6066,57,0,12,3,0,1,0,1,0,1
1246,2246,21,0,1,8,1,0,0,1,1,0
30,50,49,1,7,3,1,0,0,1,0,1
2553,4574,31,1,9,116,1,0,0,1,0,0
1267,2286,27,0,2,0,0,1,0,1,0,1
2214,3963,49,0,1,1,1,0,0,1,0,1
938,1684,24,0,2,2,1,0,1,0,0,1
4309,7673,60,0,1,0,1,0,0,1,1,1
1861,3337,32,1,14,1,1,0,0,1,1,0
2608,4668,65,0,1,-1,1,0,1,0,0,1
2796,5019,30,1,8,64,1,0,0,1,1,0
1523,2719,23,1,1,1,1,0,0,1,1,1
2456,4402,42,0,0,4,0,1,0,1,0,1
840,1508,22,0,0,0,0,1,1,0,1,1
6066,10827,40,0,0,1,1,0,0,1,0,1
148,264,31,1,8,117,1,0,0,1,0,0
4609,8195,37,0,17,45,0,1,0,1,1,0
3060,5477,34,0,0,0,1,0,0,1,0,1
4623,8218,24,0,0,0,0,1,1,0,0,1
4542,8087,57,1,0,-1,0,1,0,1,0,1
3378,6036,21,0,0,2,1,0,0,1,0,1
1328,2392,38,1,10,10,1,0,0,1,1,1
3842,6855,31,1,1,1,1,0,0,1,0,1
971,1755,24,0,0,0,1,0,1,0,1,1
558,1004,23,1,2,19,0,1,0,1,0,1
2429,4356,23,0,0,1,1,0,0,1,0,1
5204,9264,54,0,0,2,1,0,0,1,0,1
548,990,45,0,1,1,1,0,1,0,0,1
828,1482,23,0,6,17,0,1,1,0,1,1
3706,6615,47,0,0,3,1,0,1,0,0,1
2846,5120,57,0,0,77,0,1,1,0,1,1
5687,10167,24,1,2,0,1,0,0,1,1,1
5359,9552,27,1,1,2,1,0,0,1,0,1
2249,4013,27,1,7,2,0,1,0,1,0,0
4533,8062,51,1,15,34,1,0,0,1,1,0
5587,9966,54,1,12,118,0,1,0,1,1,1
531,958,31,0,0,0,0,1,0,1,0,1
138,245,30,0,1,70,1,0,0,1,1,1
3104,5553,22,0,0,0,1,0,0,1,0,1
1540,2751,46,0,2,3,1,0,1,0,0,1
2081,3722,23,1,1,27,0,1,0,1,1,1
5628,10045,21,1,0,1,0,1,0,1,1,1
642,1151,21,1,1,0,1,0,0,1,0,1
4952,8809,22,0,1,2,1,0,1,0,0,1
3433,6143,55,1,5,3,1,0,0,1,1,1
2301,4111,56,0,9,0,0,1,0,1,1,0
4585,8154,23,0,1,3,0,1,0,1,1,0
1465,2615,57,0,0,1,1,0,0,1,1,1
5423,9662,56,0,3,0,0,1,0,1,0,1
6010,10713,24,0,1,0,0,1,1,0,0,1
3276,5852,55,0,1,0,1,0,1,0,1,1
1666,2972,50,0,0,2,1,0,0,1,1,1
2602,4660,21,0,0,1,1,0,0,1,1,0
487,874,26,0,4,-1,1,0,0,1,0,1
495,888,22,0,0,-1,0,1,1,0,0,1
5851,10443,45,0,0,1,0,1,1,0,0,1
4783,8511,24,0,0,2,1,0,0,1,0,1
5755,10283,27,1,6,0,1,0,0,1,1,1
5532,9857,23,1,8,255,1,0,0,1,1,0
4543,8090,37,1,1,-1,1,0,0,1,0,1
2450,4391,28,0,3,0,0,1,0,1,1,1
3214,5742,32,0,1,0,1,0,0,1,1,1
872,1569,25,1,5,47,0,1,1,0,1,1
6100,10886,39,1,1,2,1,0,1,0,1,1
2190,3918,41,1,8,2,1,0,0,1,1,1
521,935,51,0,0,0,0,1,0,1,0,1
5139,9167,29,0,0,0,1,0,0,1,1,1
5540,9872,52,1,0,4,0,1,0,1,1,1
1448,2588,31,0,3,0,1,0,0,1,0,1
2278,4067,31,1,3,0,0,1,0,1,0,1
530,955,61,1,15,1,1,0,0,1,1,1
4653,8268,36,0,5,3,1,0,0,1,0,1
2810,5049,26,0,0,0,0,1,1,0,0,1
517,926,28,1,5,1,0,1,0,1,1,1
2029,3636,54,0,7,18,1,0,1,0,1,1
1430,2562,26,0,7,1,0,1,0,1,0,1
5363,9557,25,0,2,0,0,1,1,0,1,1
1845,3312,61,0,1,0,0,1,0,1,0,1
5070,9038,33,0,1,1,1,0,1,0,1,1
5174,9225,33,1,9,1,0,1,0,1,1,0
6082,10860,43,0,5,14,0,1,0,1,1,1
5196,9255,26,1,0,1,1,0,0,1,0,1
2724,4894,35,0,0,0,0,1,1,0,0,1
2189,3917,22,0,0,-1,1,0,0,1,1,1
2484,4444,25,0,2,181,1,0,1,0,0,0
3035,5438,20,1,1,1,1,0,0,1,1,0
5223,9295,30,0,2,6,1,0,0,1,0,1
2075,3711,28,1,0,1,1,0,0,1,0,1
2014,3611,61,0,10,22,1,0,0,1,0,1
1180,2138,34,1,19,4,1,0,0,1,1,0
3637,6497,29,1,7,0,0,1,0,1,1,0
4906,8737,27,0,8,3,1,0,1,0,1,1
2468,4422,29,0,0,1,1,0,0,1,1,0
2235,3995,24,1,1,0,1,0,0,1,1,1
4920,8758,47,1,13,66,0,1,0,1,0,1
2806,5045,40,0,5,55,1,0,1,0,0,0
3286,5869,26,0,2,0,1,0,0,1,0,1
5529,9854,54,1,4,3,1,0,0,1,1,1
3587,6413,47,0,9,64,1,0,0,1,1,1
4550,8099,28,0,0,1,0,1,0,1,0,1
326,594,52,0,0,0,0,1,1,0,0,1
3558,6367,30,1,6,0,0,1,0,1,1,1
1377,2479,31,1,8,0,0,1,0,1,1,1
5155,9187,21,1,4,0,1,0,0,1,0,0
601,1077,23,1,0,1,1,0,0,1,1,1
3733,6662,41,0,0,0,1,0,0,1,1,1
2154,3847,22,1,2,1,1,0,0,1,1,1
2944,5282,27,1,0,0,1,0,0,1,0,0
5438,9687,44,0,2,5,0,1,0,1,1,1
1042,1888,33,0,6,0,0,1,0,1,1,1
5051,8998,43,1,0,1,1,0,1,0,0,1
483,869,44,0,11,180,0,1,0,1,0,1
4683,8319,23,1,0,0,1,0,0,1,0,1
520,934,25,1,4,31,1,0,0,1,1,1
1319,2381,48,1,1,126,1,0,0,1,0,1
1336,2402,46,1,15,6,1,0,0,1,1,1
3177,5678,38,1,16,241,1,0,0,1,1,0
1051,1905,27,0,0,2,1,0,0,1,0,1
3039,5443,25,0,2,1,1,0,0,1,1,0
5528,9852,21,1,2,1,1,0,0,1,1,0
1156,2098,48,0,0,0,0,1,1,0,0,1
241,428,46,0,3,14,1,0,0,1,0,1
3512,6282,21,1,1,2,1,0,0,1,0,1
5650,10087,46,1,0,0,1,0,0,1,0,1
5065,9030,20,0,0,0,1,0,0,1,0,1
4003,7154,56,0,1,1,0,1,0,1,0,1
1326,2389,34,0,3,0,0,1,0,1,1,1
1771,3174,21,1,0,6,1,0,0,1,0,1
3484,6226,44,1,0,0,0,1,1,0,0,1
2067,3699,42,0,1,292,1,0,0,1,0,1
5915,10547,55,1,3,69,0,1,0,1,1,1
725,1286,24,1,3,1,1,0,0,1,0,1
4705,8367,30,1,15,93,1,0,0,1,1,0
1457,2606,27,0,10,7,1,0,0,1,1,0
4529,8056,36,0,1,0,0,1,0,1,1,1
1982,3544,24,1,1,6,1,0,0,1,1,1
1869,3347,36,1,7,2,1,0,1,0,1,1
5785,10335,45,0,1,2,1,0,1,0,0,1
695,1240,29,0,16,17,1,0,0,1,1,0
2234,3994,31,0,0,0,0,1,0,1,0,1
5897,10519,36,1,2,46,0,1,0,1,1,0
2089,3737,27,0,0,5,1,0,1,0,0,1
90,158,31,0,0,38,0,1,0,1,0,1
5749,10272,22,0,0,1,0,1,0,1,1,1
5904,10531,40,1,8,6,1,0,0,1,0,0
5626,10043,49,0,0,-1,1,0,1,0,0,1
4145,7393,20,1,0,11,0,1,0,1,1,0
2942,5280,31,1,3,1,1,0,0,1,0,1
1136,2064,53,1,8,5,1,0,0,1,1,1
44,71,29,1,1,0,1,0,0,1,0,1
4231,7536,39,0,1,1,1,0,0,1,0,1
1277,2300,55,1,13,0,1,0,0,1,0,1
308,557,21,1,4,219,1,0,0,1,1,0
376,680,38,0,5,1,1,0,0,1,1,1
5084,9058,24,1,8,0,1,0,0,1,0,1
873,1571,46,0,0,0,1,0,0,1,0,1
4768,8483,30,0,4,1,1,0,1,0,1,1
65,111,40,0,2,3,1,0,0,1,1,1
3874,6915,30,1,9,8,1,0,0,1,1,1
4238,7546,21,0,2,27,0,1,0,1,0,0
1816,3267,27,0,0,1,0,1,0,1,1,1
4198,7477,23,0,1,2,1,0,0,1,1,0
4400,7821,30,0,1,1,1,0,0,1,0,0
4152,7406,22,1,1,38,1,0,0,1,1,0
2490,4452,26,1,6,2,1,0,0,1,1,0
3788,6759,30,1,12,9,1,0,0,1,1,0
1330,2394,42,1,2,0,1,0,0,1,0,1
4885,8696,35,0,4,169,1,0,0,1,0,1
2949,5294,44,0,7,1,1,0,0,1,1,1
4036,7210,27,0,1,1,1,0,0,1,1,0
3761,6706,26,1,18,197,1,0,0,1,1,0
3592,6426,30,1,5,5,0,1,0,1,0,0
113,203,24,0,0,2,0,1,1,0,1,1
3726,6654,20,1,1,6,1,0,0,1,1,1
2293,4088,35,0,0,0,1,0,0,1,1,1
496,889,23,0,1,9,0,1,0,1,0,1
3810,6798,23,0,3,9,1,0,0,1,0,1
825,1474,20,0,0,1,1,0,1,0,1,1
5808,10372,35,1,0,0,0,1,0,1,0,1
2829,5078,27,0,1,5,1,0,0,1,1,1
1515,2703,51,0,3,-1,1,0,0,1,1,1
3873,6911,20,1,0,0,0,1,0,1,0,1
5276,9393,27,1,1,25,1,0,1,0,0,1
678,1212,24,1,1,0,0,1,1,0,1,1
3711,6629,28,1,1,0,0,1,1,0,0,1
918,1645,22,1,1,1,1,0,1,0,1,1
1172,2125,31,0,7,1,0,1,0,1,0,1
452,817,37,0,1,5,1,0,0,1,0,1
2315,4136,26,0,0,0,1,0,0,1,1,1
4603,8187,23,1,0,0,0,1,0,1,1,0
1859,3333,39,1,3,1,1,0,0,1,0,1
2570,4605,31,1,3,0,0,1,0,1,0,1
5801,10360,29,0,0,13,1,0,0,1,0,1
3883,6929,39,0,0,5,1,0,0,1,0,1
5109,9106,32,1,2,0,1,0,1,0,0,1
2210,3952,37,0,0,0,0,1,0,1,0,1
1529,2728,24,0,0,1,0,1,0,1,0,1
282,504,30,1,1,0,1,0,0,1,0,1
4476,7969,22,0,0,0,1,0,0,1,0,1
4814,8576,21,1,0,0,0,1,0,1,1,1
1066,1927,31,1,4,0,1,0,0,1,1,1
2523,4512,22,1,0,1,1,0,0,1,1,0
2920,5244,43,0,2,1,1,0,0,1,0,1
582,1044,36,0,4,2,0,1,0,1,1,1
137,244,30,1,3,530,1,0,1,0,0,1
3340,5969,33,1,0,0,0,1,0,1,0,1
3281,5858,29,0,0,0,0,1,0,1,0,1
2980,5348,35,1,0,2,0,1,1,0,1,1
704,1252,33,0,0,1,1,0,0,1,0,1
5834,10415,42,0,1,0,1,0,0,1,1,1
4796,8533,25,0,0,0,1,0,0,1,1,1
2865,5148,27,1,0,0,0,1,0,1,0,1
161,287,37,1,2,0,0,1,0,1,1,0
2929,5259,50,1,9,28,0,1,0,1,0,1
3756,6699,35,0,4,1,0,1,1,0,0,1
2718,4885,32,0,3,30,1,0,1,0,1,1
5328,9494,28,0,0,53,1,0,0,1,0,1
5205,9266,29,0,0,2,1,0,1,0,1,1
3031,5432,56,1,9,19,0,1,0,1,0,1
3507,6271,27,0,1,0,1,0,0,1,0,1
852,1533,39,0,1,4,1,0,0,1,1,1
978,1774,23,0,1,0,0,1,0,1,0,1
1536,2746,48,1,1,0,0,1,0,1,0,1
3977,7109,55,0,0,0,1,0,0,1,0,1
4030,7199,28,0,1,0,1,0,0,1,1,1
5490,9784,39,0,2,1,0,1,0,1,1,1
5611,10012,24,1,2,57,1,0,1,0,1,1
1590,2845,46,1,10,73,1,0,0,1,0,1
159,281,66,0,3,2,1,0,0,1,1,1
4640,8248,28,1,5,26,0,1,0,1,0,1
1891,3390,48,0,0,0,0,1,0,1,0,1
5324,9488,21,1,0,0,0,1,0,1,0,1
4050,7237,40,0,3,40,0,1,0,1,0,1
3213,5741,27,0,0,1,0,1,0,1,0,1
398,716,35,0,1,0,0,1,0,1,1,1
5052,8999,21,1,0,6,1,0,0,1,1,0
5352,9540,29,1,3,-1,1,0,0,1,1,1
962,1735,37,0,0,0,0,1,0,1,0,1
3795,6774,38,0,2,29,0,1,0,1,0,1
2465,4418,48,0,3,0,1,0,0,1,0,1
5581,9955,39,0,0,18,1,0,0,1,1,1
3013,5399,57,0,0,2,1,0,0,1,0,1
4027,7196,53,0,6,0,1,0,0,1,1,1
4172,7439,38,1,1,77,1,0,0,1,1,1
4508,8026,40,1,1,0,1,0,0,1,1,1
1493,2668,35,0,3,0,1,0,1,0,0,1
3628,6485,56,0,0,6,1,0,0,1,1,1
867,1560,55,1,1,1,1,0,0,1,0,1
1521,2716,32,1,5,65,1,0,0,1,0,1
5571,9935,24,1,15,2,1,0,0,1,1,0
1098,1987,54,0,4,3,0,1,0,1,0,1
1185,2148,38,1,14,4,1,0,1,0,1,0
6047,10787,45,0,9,75,0,1,1,0,1,1
4028,7197,37,0,0,0,1,0,0,1,0,1
2531,4524,20,0,0,0,1,0,0,1,0,1
1748,3137,48,0,2,4,0,1,0,1,0,0
3059,5476,23,1,0,0,0,1,0,1,0,1
1031,1869,47,0,0,0,0,1,0,1,0,1
5560,9917,31,0,1,1,0,1,0,1,1,1
3619,6471,47,1,28,33,1,0,0,1,0,0
189,333,41,0,5,0,0,1,1,0,1,1
4672,8306,43,1,15,0,0,1,0,1,1,0
3497,6248,34,0,3,1,1,0,0,1,0,1
2483,4443,28,0,0,1,1,0,1,0,0,1
3354,5989,44,0,0,0,0,1,1,0,0,1
4788,8522,25,1,10,7,1,0,0,1,0,0
1926,3439,36,0,0,0,1,0,0,1,0,1
1484,2649,66,0,1,0,1,0,0,1,0,1
1238,2233,24,1,3,6,1,0,0,1,0,0
5535,9864,29,1,1,0,0,1,0,1,1,1
3544,6338,27,1,2,15,0,1,0,1,1,1
2760,4956,29,0,5,1,1,0,0,1,1,0
2337,4183,59,0,0,1,1,0,0,1,0,1
4357,7744,53,1,8,4,0,1,0,1,0,1
1892,3391,29,1,9,214,0,1,1,0,1,0
4904,8732,32,0,2,1,0,1,0,1,1,1
3255,5816,25,1,2,0,1,0,0,1,1,1
140,248,22,0,1,0,1,0,0,1,1,1
4252,7572,50,1,9,1,0,1,0,1,0,1
1957,3499,30,1,14,5,1,0,1,0,1,0
534,962,27,0,5,1,0,1,0,1,0,0
3277,5853,27,1,0,0,1,0,0,1,1,1
3050,5458,24,1,1,1,1,0,0,1,1,1
152,268,78,1,1,0,0,1,0,1,0,1
5991,10678,33,1,11,1,1,0,0,1,0,1
322,584,35,0,2,5,1,0,0,1,1,1
5667,10126,20,1,0,0,0,1,1,0,0,1
276,496,25,1,2,1,0,1,1,0,0,1
5141,9170,52,0,1,0,1,0,0,1,0,1
4794,8530,45,0,0,1,1,0,0,1,0,1
584,1049,53,0,2,0,1,0,0,1,0,1
3175,5676,23,0,0,0,0,1,1,0,0,1
3872,6910,33,1,18,0,1,0,0,1,1,0
1824,3281,30,1,3,12,1,0,0,1,0,1
992,1800,50,0,4,2,0,1,0,1,1,1
4532,8061,25,0,4,1,1,0,0,1,0,1
6065,10824,23,1,1,28,1,0,1,0,1,1
4300,7659,33,0,1,3,1,0,0,1,0,1
59,100,56,0,0,3,0,1,1,0,1,1
2038,3649,26,1,4,0,1,0,0,1,1,0
5965,10636,21,0,0,1,0,1,0,1,0,1
3566,6379,22,0,1,0,1,0,0,1,0,1
3305,5899,42,0,0,1,1,0,0,1,1,1
1593,2851,39,0,6,26,1,0,0,1,0,1
780,1382,25,0,0,1,0,1,0,1,1,1
4178,7445,31,1,1,17,1,0,0,1,0,0
265,469,20,1,0,0,1,0,0,1,1,0
1946,3480,53,0,1,0,0,1,0,1,1,1
402,722,37,0,3,6,1,0,0,1,0,1
4899,8724,42,1,7,1,1,0,0,1,1,0
4537,8068,32,0,6,0,1,0,0,1,0,0
4579,8146,30,0,1,-1,1,0,0,1,1,0
5243,9335,61,1,8,0,1,0,0,1,1,1
3996,7143,57,0,1,1,1,0,0,1,1,1
2401,4307,21,0,1,13,1,0,0,1,1,0
716,1269,29,0,2,0,0,1,0,1,1,1
2179,3896,23,1,6,5,0,1,0,1,0,1
4018,7178,43,1,7,1,1,0,0,1,1,1
3641,6503,37,1,1,0,1,0,0,1,0,1
2588,4637,36,1,2,-1,1,0,0,1,1,1
898,1613,36,0,2,1,1,0,0,1,1,1
1163,2108,21,0,0,0,1,0,0,1,0,1
2379,4260,26,0,5,1,0,1,0,1,1,1
794,1418,45,0,1,128,1,0,0,1,0,1
1949,3484,47,1,22,1,1,0,0,1,1,1
5214,9279,29,0,0,0,0,1,1,0,0,1
5434,9677,33,0,0,0,1,0,0,1,1,1
3266,5832,46,0,1,1,1,0,0,1,0,1
575,1031,34,1,15,3,1,0,1,0,0,0
1835,3294,20,1,0,10,0,1,1,0,0,1
4,8,41,1,14,6,1,0,0,1,0,1
5351,9537,33,0,0,0,0,1,0,1,0,1
3212,5740,31,1,9,0,0,1,0,1,1,1
3369,6019,32,1,6,2,1,0,0,1,0,1
2308,4125,28,0,3,16,1,0,1,0,1,1
2753,4948,29,0,1,14,1,0,0,1,0,1
3732,6661,24,0,0,0,1,0,0,1,0,1
4946,8798,38,0,1,4,1,0,0,1,0,1
2839,5106,25,1,6,1,0,1,0,1,0,1
5792,10346,31,1,9,27,0,1,0,1,1,0
1433,2567,38,0,1,14,0,1,0,1,0,1
352,639,42,0,1,2,1,0,0,1,0,1
3710,6626,26,0,0,2,1,0,0,1,1,1
2478,4437,71,0,1,3,0,1,0,1,0,1
2140,3818,23,0,1,2,0,1,0,1,1,1
4041,7222,34,1,5,0,1,0,1,0,0,1
5812,10378,22,1,0,0,0,1,0,1,0,1
4661,8284,26,1,10,1,1,0,0,1,1,0
1848,3316,27,1,4,54,0,1,1,0,0,0
546,987,30,1,8,1,1,0,0,1,1,0
5241,9328,41,0,0,1,1,0,1,0,0,1
1875,3358,40,0,1,1,1,0,0,1,1,1
1192,2156,45,1,1,27,1,0,0,1,0,1
3397,6071,45,0,11,0,1,0,0,1,1,1
1029,1866,32,0,0,6,0,1,0,1,0,1
2889,5181,50,0,1,0,1,0,0,1,0,1
5270,9381,35,0,2,0,0,1,0,1,0,1
4434,7896,22,1,0,32,1,0,0,1,1,1
6009,10712,24,1,3,1,1,0,0,1,1,1
4781,8507,20,0,1,1,0,1,1,0,0,1
2830,5086,46,0,0,1,1,0,0,1,0,1
3689,6589,27,1,1,0,1,0,1,0,1,1
2055,3676,50,0,1,0,1,0,0,1,1,1
4261,7589,26,1,2,148,1,0,0,1,1,1
3567,6380,28,0,3,0,1,0,0,1,1,1
2453,4397,37,1,2,0,1,0,0,1,1,1
2032,3642,41,1,3,1,1,0,0,1,1,1
4826,8604,22,0,0,1,1,0,1,0,1,1
2726,4900,40,0,0,4,1,0,1,0,0,1
5497,9796,54,1,2,1,0,1,0,1,0,1
1675,2990,55,0,0,0,0,1,0,1,0,1
4287,7639,32,0,0,1,1,0,0,1,1,1
3358,5995,39,0,6,0,1,0,0,1,0,1
933,1670,23,1,1,0,1,0,0,1,1,1
3699,6604,38,1,2,2,1,0,0,1,1,1
1881,3370,29,1,1,1,1,0,1,0,0,1
1414,2533,19,1,0,2,0,1,0,1,0,1
4798,8535,58,1,0,1,1,0,0,1,1,1
5555,9907,52,1,7,117,1,0,0,1,1,0
2294,4099,20,0,1,0,0,1,0,1,1,1
2701,4851,25,1,3,2,1,0,0,1,1,1
2434,4367,35,1,3,0,0,1,1,0,1,1
3296,5885,46,1,2,2,1,0,0,1,0,1
6035,10765,26,0,0,0,1,0,0,1,1,1
5014,8922,63,0,0,0,1,0,0,1,0,1
3816,6805,22,1,0,149,1,0,0,1,1,1
96,173,33,1,5,0,1,0,0,1,1,1
4283,7635,61,0,0,0,0,1,0,1,0,1
3634,6492,30,0,1,35,0,1,0,1,0,1
4993,8879,21,0,0,1,1,0,0,1,1,1
1819,3272,37,1,26,1,1,0,0,1,1,0
2592,4643,32,1,12,1,0,1,0,1,1,0
1752,3146,37,1,0,2,1,0,0,1,0,1
939,1685,24,1,0,0,1,0,0,1,0,1
847,1522,23,0,2,5,0,1,0,1,1,1
333,604,22,1,0,21,0,1,0,1,1,0
3691,6592,59,0,0,0,0,1,1,0,0,1
690,1233,26,0,8,2,1,0,0,1,0,1
4095,7311,50,0,0,0,0,1,0,1,0,1
2826,5071,25,0,1,0,1,0,0,1,1,1
854,1535,22,1,1,1,0,1,0,1,0,1
3288,5873,33,1,14,0,1,0,0,1,1,0
2590,4640,25,1,10,7,1,0,0,1,1,0
613,1101,37,0,1,1,1,0,1,0,0,1
2819,5061,21,1,1,0,1,0,1,0,1,1
5961,10627,33,0,2,14,1,0,0,1,0,1
1922,3431,28,0,0,0,0,1,1,0,1,1
3207,5732,33,1,0,1,0,1,1,0,0,1
480,863,40,0,5,0,1,0,0,1,0,1
621,1120,24,0,0,1,1,0,0,1,1,0
2137,3814,25,0,2,18,1,0,0,1,1,1
3714,6636,21,0,0,0,0,1,0,1,0,1
446,808,27,0,6,1,1,0,0,1,0,1
4298,7654,41,0,1,2,1,0,0,1,1,1
3774,6735,51,0,0,0,0,1,1,0,0,1
4328,7700,28,1,6,80,1,0,0,1,1,0
5911,10543,51,1,2,0,0,1,0,1,0,1
1273,2293,40,0,0,0,1,0,0,1,0,1
3363,6002,35,0,0,0,0,1,1,0,1,1
5286,9412,36,0,1,0,0,1,1,0,1,1
4992,8877,56,0,3,0,1,0,1,0,0,1
1586,2841,24,0,3,0,0,1,0,1,0,1
5435,9681,23,1,5,1,1,0,0,1,1,1
6079,10855,56,1,31,0,1,0,0,1,1,1
4629,8226,39,1,3,1,1,0,0,1,0,1
3760,6705,30,0,0,0,0,1,1,0,0,0
549,993,39,1,2,4,1,0,0,1,0,1
3535,6323,58,1,2,0,0,1,0,1,0,1
5980,10664,23,1,10,4,1,0,0,1,1,0
5428,9668,28,0,0,0,0,1,1,0,1,1
2565,4596,52,1,0,0,0,1,0,1,1,1
2818,5060,24,1,1,75,1,0,0,1,1,1
3648,6521,39,1,11,1,1,0,1,0,0,1
4578,8145,24,1,1,13,0,1,0,1,1,0
5774,10316,56,0,0,1,0,1,0,1,0,1
2890,5182,52,0,1,0,1,0,0,1,0,1
5110,9110,49,1,3,0,1,0,0,1,1,0
3723,6650,24,1,0,1,0,1,0,1,1,0
3937,7027,49,1,0,4,0,1,0,1,1,1
2994,5371,36,1,3,27,1,0,1,0,0,1
5114,9119,26,1,11,1,1,0,0,1,1,1
2623,4694,44,0,2,-1,0,1,0,1,0,1
2755,4950,24,0,0,0,1,0,0,1,1,1
4475,7968,41,1,14,0,1,0,0,1,1,1
1789,3208,30,0,0,0,0,1,1,0,1,1
561,1007,33,0,0,1,1,0,1,0,1,1
298,533,23,1,0,0,1,0,1,0,1,1
1299,2338,59,0,0,1,0,1,0,1,0,1
2425,4342,23,1,2,6,1,0,0,1,1,0
2339,4186,59,0,0,0,1,0,0,1,0,1
1595,2854,31,1,19,0,1,0,0,1,1,0
2217,3969,21,1,1,1,1,0,0,1,1,0
728,1293,24,1,5,1,1,0,0,1,1,1
3528,6312,38,1,9,1,1,0,0,1,1,1
5101,9089,37,0,2,12,0,1,0,1,0,1
2563,4593,38,0,0,0,0,1,0,1,0,1
2124,3793,36,1,1,2,1,0,0,1,0,1
3006,5389,21,0,1,1,1,0,0,1,1,0
5669,10129,25,1,5,0,1,0,0,1,1,0
1958,3500,25,0,2,1,0,1,0,1,0,1
36,57,51,0,2,1,0,1,0,1,1,1
806,1439,20,0,0,1,1,0,0,1,0,1
3402,6080,25,1,1,1,0,1,0,1,1,1
3321,5931,28,0,1,9,1,0,1,0,0,1
2364,4230,31,0,0,80,1,0,0,1,0,0
3046,5453,24,1,4,5,1,0,1,0,1,0
5862,10455,25,0,0,0,1,0,1,0,0,1
6112,10913,21,1,0,0,1,0,0,1,1,1
31,52,33,1,4,11,0,1,1,0,0,1
1514,2700,22,0,0,1,1,0,0,1,1,1
1606,2869,36,0,0,1,0,1,0,1,0,1
5916,10549,31,0,0,67,1,0,0,1,0,1
2958,5314,33,0,4,7,1,0,0,1,1,1
3079,5512,48,0,1,5,0,1,0,1,0,1
5315,9464,24,0,0,0,0,1,0,1,0,1
2754,4949,46,0,4,1,1,0,0,1,0,1
1197,2163,34,0,0,0,1,0,0,1,0,1
1551,2767,67,1,2,0,0,1,0,1,0,1
3403,6081,34,0,3,10,0,1,1,0,0,1
896,1608,50,1,30,3,0,1,1,0,0,1
1700,3035,25,0,4,183,1,0,0,1,0,1
1742,3122,46,0,2,3,0,1,0,1,0,1
3917,6986,36,0,1,3,0,1,0,1,0,1
3192,5701,20,1,0,23,0,1,0,1,0,1
2709,4866,30,1,14,22,1,0,0,1,1,1
3850,6870,32,0,11,141,1,0,0,1,0,0
1887,3383,46,1,10,9,1,0,0,1,1,1
3167,5666,39,0,3,2,1,0,0,1,0,1
4821,8590,26,0,0,0,0,1,1,0,0,1
1303,2349,45,0,3,36,1,0,0,1,1,0
4048,7231,37,0,3,0,0,1,0,1,1,1
5766,10303,22,1,0,10,1,0,0,1,0,1
5813,10379,27,1,7,27,0,1,0,1,1,1
1524,2720,41,0,1,113,0,1,0,1,0,1
2909,5216,41,1,4,-1,0,1,0,1,1,1
3814,6803,56,1,5,597,1,0,0,1,1,1
567,1020,54,0,0,-1,1,0,0,1,0,1
2357,4220,20,1,1,1,1,0,0,1,0,1
5649,10086,44,1,3,11,1,0,1,0,0,1
3456,6178,27,0,5,2,0,1,0,1,0,1
5250,9346,31,0,0,4,0,1,1,0,1,1
3907,6968,31,1,10,181,1,0,0,1,1,1
666,1193,48,0,0,11,1,0,0,1,0,1
1450,2591,23,1,3,13,0,1,0,1,1,1
5913,10545,27,0,10,0,1,0,0,1,1,1
1452,2593,26,0,3,27,1,0,1,0,1,1
6046,10786,49,0,2,82,0,1,1,0,0,1
4399,7820,30,1,4,1,0,1,0,1,1,1
3359,5996,29,1,29,5,1,0,0,1,1,0
1976,3536,25,1,0,3,1,0,0,1,0,1
3196,5716,34,0,5,4,1,0,0,1,1,1
295,530,21,0,2,2,1,0,0,1,0,1
2790,5009,29,0,0,1,0,1,1,0,0,1
5079,9047,32,0,0,10,0,1,1,0,0,1
5036,8967,64,0,1,0,0,1,0,1,0,1
5656,10096,24,0,0,1,1,0,1,0,0,1
2017,3617,42,0,4,0,0,1,0,1,1,1
5236,9323,23,1,4,2,0,1,0,1,0,0
1828,3286,40,1,4,2,0,1,0,1,0,1
3910,6976,26,0,0,2,0,1,0,1,0,1
4916,8754,32,0,3,120,1,0,0,1,0,1
2533,4526,28,1,5,20,1,0,0,1,0,1
3836,6840,43,1,8,1,1,0,0,1,1,1
378,685,46,1,2,9,1,0,1,0,1,0
2939,5274,21,1,0,97,0,1,0,1,1,0
6157,10981,32,0,4,0,1,0,0,1,1,1
2525,4514,64,0,20,2,1,0,0,1,1,1
829,1483,35,0,1,9,0,1,0,1,1,1
3981,7116,32,0,9,111,1,0,0,1,1,0
5053,9004,23,0,0,0,1,0,0,1,1,1
453,818,25,0,0,0,1,0,0,1,0,1
5380,9589,50,0,2,30,0,1,0,1,1,1
4971,8843,33,1,9,14,0,1,0,1,1,1
4013,7167,40,0,2,100,0,1,1,0,1,1
291,524,27,0,0,2,0,1,0,1,0,0
4639,8247,23,0,1,0,1,0,0,1,1,1
5062,9022,32,1,5,0,1,0,0,1,1,1
4165,7425,24,0,0,0,1,0,0,1,1,1
841,1509,45,0,2,47,1,0,0,1,0,1
1398,2509,21,1,1,11,1,0,0,1,1,1
4406,7835,40,1,11,0,0,1,0,1,1,1
32,53,24,1,1,1,0,1,0,1,0,1
3184,5689,22,0,1,8,1,0,0,1,0,1
5542,9877,22,1,1,1,1,0,0,1,0,1
1259,2276,37,0,6,1,0,1,0,1,0,1
6167,10996,23,0,0,1,1,0,0,1,1,1
1367,2459,36,0,0,0,1,0,0,1,1,1
3355,5992,24,0,1,0,0,1,0,1,1,1
5584,9960,25,0,0,0,0,1,1,0,1,1
862,1550,60,0,1,0,1,0,0,1,0,1
3054,5465,21,1,0,33,1,0,1,0,1,0
2359,4225,34,1,16,1,1,0,0,1,1,0
598,1072,28,0,0,1,1,0,0,1,1,1
3773,6733,22,0,0,1,1,0,0,1,1,1
3225,5761,37,0,0,0,1,0,0,1,0,1
2012,3603,30,1,6,1,1,0,0,1,1,1
3951,7047,40,0,2,1,0,1,0,1,0,1
1216,2195,25,1,8,29,1,0,0,1,1,1
4761,8471,23,1,2,1,1,0,0,1,1,1
1393,2501,22,0,0,1,1,0,0,1,1,1
866,1559,24,0,3,1,0,1,0,1,0,1
1597,2856,26,0,6,1,1,0,0,1,1,1
38,61,51,0,7,1,1,0,1,0,1,1
158,279,57,0,1,19,1,0,0,1,0,1
1302,2344,24,1,2,14,0,1,1,0,1,1
4395,7815,42,1,4,0,0,1,1,0,0,1
3701,6606,43,0,0,3,1,0,0,1,1,1
3194,5711,52,1,2,4,1,0,0,1,0,0
4493,8002,46,0,2,3,0,1,0,1,1,1
5143,9172,21,0,0,0,1,0,0,1,1,1
5806,10369,29,0,1,2,1,0,0,1,0,1
5582,9956,50,1,4,0,1,0,0,1,1,1
1644,2934,25,1,1,0,1,0,0,1,1,1
4988,8869,46,0,0,1,0,1,0,1,1,1
1431,2564,35,1,3,1,0,1,0,1,0,1
3930,7015,23,0,0,1,1,0,0,1,0,1
3570,6383,55,1,0,-1,0,1,0,1,0,1
1989,3556,33,0,0,1,1,0,0,1,0,1
3519,6293,44,0,0,1,0,1,1,0,1,1
4111,7335,24,1,2,1,1,0,0,1,1,1
2393,4292,24,0,0,0,1,0,1,0,0,1
2731,4911,24,0,0,1,1,0,0,1,1,0
1223,2208,32,1,2,1,1,0,0,1,1,1
3769,6729,38,0,0,25,1,0,1,0,0,1
64,108,27,1,1,14,1,0,0,1,0,1
2196,3930,45,0,2,0,0,1,0,1,0,1
4521,8045,23,1,6,5,1,0,0,1,0,0
5216,9282,22,0,0,-1,1,0,1,0,1,1
5844,10430,34,1,17,39,1,0,0,1,0,1
5728,10235,22,0,1,4,1,0,0,1,1,0
4886,8700,37,1,17,1,1,0,0,1,1,0
2065,3697,54,0,0,0,0,1,0,1,0,1
2396,4297,20,1,0,0,1,0,0,1,0,0
1272,2292,38,0,0,2,1,0,0,1,0,1
6056,10807,25,1,3,172,0,1,0,1,0,0
2571,4608,20,1,1,5,1,0,0,1,1,0
5821,10393,42,1,17,8,1,0,1,0,1,0
5146,9175,43,1,1,0,0,1,0,1,0,1
6139,10955,49,0,3,0,1,0,1,0,0,1
1829,3288,43,1,18,9,1,0,0,1,1,1
635,1141,39,0,10,40,0,1,0,1,1,0
3033,5434,50,1,2,0,0,1,0,1,1,1
3683,6583,31,0,0,0,1,0,0,1,1,1
4271,7606,36,1,11,2,0,1,0,1,0,1
2670,4789,37,1,10,0,1,0,0,1,1,1
2030,3639,29,0,0,0,0,1,0,1,1,1
5267,9377,61,0,0,0,1,0,0,1,0,1
5321,9483,37,1,16,2,1,0,0,1,1,0
491,882,50,1,5,1,1,0,0,1,0,1
192,336,33,1,4,2,1,0,0,1,0,1
3138,5611,29,1,4,0,0,1,0,1,0,1
3009,5392,47,0,1,1,0,1,0,1,1,1
1351,2430,54,1,8,-1,1,0,0,1,1,1
4675,8309,26,0,6,1,0,1,0,1,1,1
5059,9017,20,1,2,31,1,0,0,1,0,0
2758,4953,33,1,4,1,1,0,0,1,1,1
1783,3198,21,0,0,5,1,0,0,1,0,1
1003,1820,52,0,3,0,1,0,0,1,1,1
463,838,44,0,1,0,0,1,0,1,1,1
541,971,58,1,4,1,1,0,1,0,1,1
3365,6006,39,0,4,3,1,0,1,0,1,1
1361,2448,21,1,0,8,1,0,0,1,1,0
5027,8945,21,0,0,0,1,0,0,1,1,1
4433,7895,43,0,0,1,0,1,1,0,0,1
5934,10575,31,0,6,3,1,0,0,1,0,1
4037,7211,41,1,7,1,0,1,0,1,1,1
3935,7025,32,1,0,-1,0,1,1,0,1,1
3775,6737,24,1,2,0,0,1,0,1,1,1
3562,6373,29,1,7,8,0,1,0,1,1,0
1840,3302,25,1,2,11,1,0,1,0,0,1
899,1615,38,0,0,1,1,0,1,0,0,1
3490,6238,44,0,2,1,1,0,0,1,0,1
4551,8100,34,1,5,3,0,1,0,1,1,1
4855,8646,24,0,0,1,0,1,1,0,0,1
4341,7722,23,1,3,5,1,0,1,0,1,0
4841,8625,23,0,0,2,1,0,0,1,1,1
2807,5046,23,0,0,2,1,0,1,0,1,1
3440,6153,29,0,0,1,0,1,0,1,1,1
1203,2171,22,0,1,43,1,0,0,1,1,1
1418,2538,66,0,1,19,0,1,0,1,0,1
5527,9851,77,1,1,2,0,1,0,1,1,1
5822,10394,30,0,0,0,0,1,0,1,1,1
2268,4049,23,1,4,-1,1,0,0,1,0,1
1261,2278,63,1,0,3,0,1,0,1,0,1
3650,6524,28,0,0,1,1,0,0,1,0,1
5871,10469,29,0,0,1,0,1,0,1,1,1
4240,7548,37,0,0,13,1,0,0,1,1,1
1371,2467,44,0,6,1,1,0,0,1,1,1
3203,5727,40,0,21,29,1,0,0,1,1,1
84,150,44,0,0,1,0,1,1,0,0,1
2857,5134,27,1,18,178,1,0,0,1,0,0
1087,1965,26,1,5,6,1,0,1,0,1,0
5840,10424,49,0,2,1,1,0,0,1,1,1
218,383,24,0,0,0,0,1,0,1,0,0
5658,10107,39,0,1,62,1,0,1,0,1,1
2079,3720,55,1,33,242,1,0,0,1,0,0
3975,7105,27,1,15,30,1,0,0,1,1,0
1934,3455,25,0,1,4,1,0,1,0,1,1
1390,2497,52,0,2,1,1,0,0,1,0,1
2240,4001,42,1,0,7,1,0,0,1,1,1
5488,9781,22,1,6,0,1,0,0,1,0,0
4929,8771,46,0,1,0,0,1,0,1,0,1
1830,3289,38,0,15,55,1,0,0,1,1,1
763,1353,52,1,1,3,1,0,0,1,0,1
4415,7851,38,0,0,1,1,0,0,1,0,1
5357,9548,52,0,6,6,1,0,1,0,0,1
1837,3298,31,0,6,1,0,1,0,1,0,1
325,590,48,1,23,360,1,0,0,1,0,0
1865,3341,23,0,2,237,1,0,0,1,1,1
4634,8236,51,0,0,-1,0,1,0,1,0,1
1632,2917,26,0,3,2,0,1,0,1,0,1
3743,6683,24,1,3,2,0,1,1,0,1,1
1013,1844,49,1,8,3,1,0,0,1,0,1
2946,5289,28,1,7,77,1,0,0,1,1,1
5218,9284,31,0,0,2,1,0,0,1,0,1
3140,5614,33,1,2,0,1,0,0,1,1,0
2816,5057,49,0,1,0,1,0,1,0,1,1
4222,7517,41,0,0,1,0,1,1,0,1,1
428,775,52,0,4,0,0,1,0,1,0,1
891,1602,32,0,2,1,0,1,0,1,1,1
3229,5768,65,0,7,0,0,1,0,1,1,1
4816,8578,24,1,5,5,1,0,0,1,0,1
727,1292,48,0,1,0,1,0,0,1,0,1
3427,6127,44,0,0,2,0,1,0,1,1,1
