,age,recidivated,number_of_prior_crimes,months_in_jail,felony,misdemeanor,woman,man,black,y
1734,21,1,0,0,0,1,0,1,0,1
17,64,1,13,1,1,0,0,1,1,1
454,32,0,20,0,1,0,0,1,0,0
5506,25,1,5,0,1,0,1,0,1,0
2310,19,1,0,1,0,1,1,0,1,0
4688,26,1,10,0,0,1,0,1,0,0
273,28,1,2,1,0,1,0,1,0,1
2205,35,1,1,0,0,1,0,1,0,1
5358,52,1,16,0,1,0,0,1,1,0
1721,30,0,3,0,1,0,0,1,1,1
2042,22,0,0,2,0,1,0,1,1,0
5877,54,0,0,1,0,1,0,1,0,1
2836,31,1,2,27,1,0,1,0,0,1
115,44,1,2,-1,0,1,0,1,0,1
4886,37,1,17,1,1,0,0,1,1,0
2723,33,0,0,141,1,0,0,1,1,0
2477,23,1,4,0,1,0,0,1,1,0
4904,32,0,2,1,0,1,0,1,1,1
904,22,1,5,19,1,0,0,1,1,0
4322,45,0,2,2,0,1,0,1,0,1
2100,37,1,1,0,1,0,0,1,0,1
330,28,0,0,2,1,0,1,0,0,1
4556,24,0,0,0,0,1,1,0,0,1
5324,21,1,0,0,0,1,0,1,0,1
2883,35,0,1,0,1,0,0,1,1,1
5205,29,0,0,2,1,0,1,0,1,1
5596,41,1,2,23,1,0,1,0,1,1
5549,27,0,1,-1,1,0,0,1,1,1
1918,24,1,6,218,1,0,0,1,0,0
1593,39,0,6,26,1,0,0,1,0,1
1555,49,1,14,122,0,1,1,0,1,1
3917,36,0,1,3,0,1,0,1,0,1
3668,40,0,1,1,0,1,0,1,0,1
1352,20,0,0,0,1,0,1,0,0,1
4068,24,0,0,1,1,0,0,1,0,1
1303,45,0,3,36,1,0,0,1,1,0
4365,22,1,0,0,1,0,0,1,1,1
4268,52,0,0,0,1,0,0,1,0,1
5674,25,1,6,39,0,1,0,1,0,1
3609,39,1,13,1,1,0,0,1,1,0
5918,51,0,0,0,0,1,1,0,0,1
885,21,0,0,1,0,1,1,0,1,1
5163,34,1,20,26,1,0,0,1,1,0
4747,30,1,13,1,1,0,0,1,0,0
36,51,0,2,1,0,1,0,1,1,1
3802,47,1,21,21,0,1,1,0,1,0
445,23,0,0,1,0,1,0,1,0,0
6171,23,1,2,1,1,0,1,0,0,1
4230,44,1,1,0,1,0,0,1,0,1
4057,24,0,2,1,1,0,0,1,0,1
2512,32,0,9,0,1,0,0,1,1,0
1746,24,1,1,0,0,1,0,1,1,1
5897,36,1,2,46,0,1,0,1,1,0
5143,21,0,0,0,1,0,0,1,1,1
2019,53,0,0,0,0,1,1,0,0,1
2008,34,0,1,0,1,0,0,1,1,1
3374,48,0,10,175,1,0,0,1,1,1
2382,49,1,0,1,0,1,0,1,0,1
3647,26,0,1,1,1,0,1,0,1,1
2174,22,0,0,1,1,0,0,1,0,1
2145,21,1,0,7,1,0,0,1,0,0
2584,55,1,0,30,0,1,0,1,0,1
1041,60,0,12,1,1,0,0,1,1,1
4229,30,1,3,0,1,0,0,1,1,1
3773,22,0,0,1,1,0,0,1,1,1
125,31,1,0,1,1,0,1,0,1,1
1260,25,1,5,14,0,1,0,1,0,0
2352,38,1,0,1,1,0,1,0,0,1
3944,28,1,0,0,0,1,0,1,0,1
4275,51,0,1,6,1,0,0,1,0,1
1117,26,0,0,0,0,1,0,1,1,1
62,39,0,1,4,0,1,0,1,1,1
4029,21,1,1,2,1,0,0,1,1,1
4658,39,0,3,1,1,0,1,0,0,1
2376,27,0,0,0,1,0,0,1,0,1
2260,26,0,0,0,1,0,0,1,1,0
5367,24,1,1,0,1,0,0,1,0,0
4689,45,0,0,0,1,0,0,1,0,1
5304,36,1,17,15,1,0,0,1,1,0
563,52,0,0,1,1,0,0,1,0,1
3384,49,0,13,0,1,0,0,1,1,1
779,46,1,2,9,1,0,0,1,1,1
5647,31,1,2,1,1,0,1,0,0,1
5545,22,0,0,0,1,0,1,0,1,1
3283,25,1,2,0,1,0,0,1,0,1
1087,26,1,5,6,1,0,1,0,1,0
4659,21,1,1,55,1,0,0,1,0,0
1203,22,0,1,43,1,0,0,1,1,1
905,21,1,0,1,1,0,0,1,1,0
24,27,1,8,17,1,0,0,1,1,1
456,42,1,14,1,1,0,0,1,1,1
2349,38,1,8,9,0,1,0,1,1,1
3558,30,1,6,0,0,1,0,1,1,1
3900,27,1,3,9,1,0,0,1,1,0
2082,23,1,4,0,1,0,0,1,1,0
5857,51,0,3,0,0,1,1,0,1,1
2986,26,1,0,0,0,1,0,1,1,1
4196,80,0,0,0,0,1,0,1,0,1
517,28,1,5,1,0,1,0,1,1,1
626,23,0,0,0,1,0,0,1,1,1
3826,36,1,2,1,0,1,0,1,0,1
3237,35,1,3,1,1,0,0,1,0,1
1561,28,0,1,15,1,0,0,1,1,1
4866,21,1,2,1,1,0,0,1,0,1
3533,39,1,21,0,1,0,0,1,1,0
5235,20,1,1,187,1,0,0,1,1,0
3928,51,0,8,25,0,1,0,1,1,1
1739,23,1,3,1,1,0,0,1,1,1
1444,58,0,1,79,1,0,0,1,0,1
3461,46,0,1,25,1,0,1,0,0,1
4258,34,0,2,1,0,1,0,1,0,1
5667,20,1,0,0,0,1,1,0,0,1
3254,40,1,0,29,0,1,0,1,0,0
2256,35,0,0,0,0,1,1,0,1,1
1722,50,0,7,1,0,1,1,0,1,1
4734,27,0,0,-1,1,0,0,1,1,1
5535,29,1,1,0,0,1,0,1,1,1
1696,29,1,7,1,1,0,0,1,0,0
1373,48,0,1,2,1,0,0,1,0,1
532,20,1,4,2,1,0,0,1,1,0
1976,25,1,0,3,1,0,0,1,0,1
2666,23,0,2,7,1,0,0,1,0,1
5607,20,0,0,0,1,0,0,1,1,1
4727,23,1,3,3,1,0,0,1,0,1
5920,22,1,0,1,1,0,0,1,1,1
4988,46,0,0,1,0,1,0,1,1,1
3497,34,0,3,1,1,0,0,1,0,1
1032,20,0,0,-1,1,0,0,1,1,1
3209,43,1,0,1,1,0,0,1,1,1
3338,23,0,1,0,1,0,1,0,1,1
640,26,1,4,83,1,0,0,1,1,1
876,42,1,13,0,0,1,0,1,1,0
4175,26,1,0,0,1,0,0,1,0,1
2951,30,1,15,1,0,1,1,0,1,0
5677,31,1,1,33,1,0,1,0,1,1
1832,37,1,8,1,0,1,0,1,1,1
1678,20,1,2,21,1,0,0,1,0,0
3578,47,0,1,49,1,0,0,1,1,1
2726,40,0,0,4,1,0,1,0,0,1
1928,44,1,0,1,1,0,0,1,0,1
2105,33,1,0,0,1,0,0,1,0,0
5187,39,0,3,0,1,0,0,1,0,1
33,34,1,21,33,1,0,0,1,1,0
5717,24,0,1,0,1,0,0,1,1,1
6066,40,0,0,1,1,0,0,1,0,1
2788,32,1,0,5,1,0,0,1,1,1
2139,21,1,4,0,0,1,1,0,1,0
4984,29,0,0,0,1,0,1,0,0,1
4023,36,1,16,1,0,1,0,1,1,0
3040,42,1,1,21,1,0,1,0,0,1
1781,37,0,0,0,0,1,0,1,0,1
1294,25,1,14,83,1,0,0,1,1,0
281,24,0,0,0,1,0,0,1,1,1
5127,25,1,0,1,1,0,0,1,0,0
3322,30,1,0,0,1,0,0,1,1,1
1028,36,0,0,24,1,0,0,1,0,1
1569,24,0,0,0,0,1,0,1,1,1
6071,27,1,3,2,1,0,1,0,1,1
1274,23,0,0,0,1,0,0,1,0,1
521,51,0,0,0,0,1,0,1,0,1
4416,41,1,3,2,0,1,0,1,1,1
2556,46,0,7,18,0,1,1,0,1,0
4299,55,0,4,5,1,0,0,1,0,1
4686,21,1,1,0,1,0,0,1,1,0
3200,57,0,1,1,0,1,0,1,0,1
1907,45,0,1,2,1,0,0,1,1,1
3786,32,1,0,5,1,0,0,1,0,1
1741,21,1,0,0,1,0,0,1,0,1
4845,30,1,14,64,1,0,0,1,1,0
3717,51,0,3,0,1,0,0,1,1,1
5024,23,1,1,19,1,0,0,1,0,1
1915,42,0,1,0,1,0,0,1,1,1
1623,24,0,3,6,0,1,0,1,1,1
2289,24,1,0,36,1,0,0,1,0,1
2488,21,0,0,1,1,0,0,1,1,1
2849,31,1,3,15,1,0,0,1,1,1
4811,26,0,2,2,0,1,0,1,1,1
955,35,1,5,1,1,0,0,1,1,1
3617,21,1,0,0,1,0,0,1,0,1
257,32,0,5,-1,1,0,1,0,1,1
269,20,1,0,209,1,0,0,1,1,0
749,23,1,6,135,1,0,0,1,1,0
738,31,1,25,117,0,1,0,1,1,0
3886,33,0,0,2,1,0,1,0,1,1
3706,47,0,0,3,1,0,1,0,0,1
610,25,1,0,0,1,0,0,1,0,1
2072,39,0,1,0,1,0,1,0,1,1
4622,24,0,0,32,1,0,0,1,0,1
4771,37,0,3,241,1,0,0,1,0,0
375,30,0,1,4,0,1,0,1,1,1
2075,28,1,0,1,1,0,0,1,0,1
1011,37,0,1,1,0,1,1,0,0,1
3563,26,1,1,29,0,1,0,1,1,1
322,35,0,2,5,1,0,0,1,1,1
4902,36,0,12,13,1,0,0,1,0,1
3250,42,1,10,0,0,1,0,1,1,1
4477,26,1,3,0,1,0,0,1,0,1
2819,21,1,1,0,1,0,1,0,1,1
1409,28,0,0,-1,1,0,0,1,0,1
3302,21,1,0,0,1,0,1,0,1,1
3906,20,0,0,1,0,1,0,1,0,1
3562,29,1,7,8,0,1,0,1,1,0
1625,43,0,0,1,0,1,0,1,0,1
6118,51,0,4,0,0,1,0,1,0,1
5215,34,0,4,0,0,1,1,0,0,1
1998,46,0,4,2,1,0,0,1,0,1
3395,29,1,6,0,0,1,0,1,1,1
2817,23,1,3,53,1,0,0,1,1,0
1140,32,0,2,109,0,1,0,1,1,0
4677,30,0,0,0,1,0,0,1,1,1
2792,29,0,0,0,0,1,0,1,0,1
447,25,1,1,0,0,1,0,1,1,1
4500,52,1,7,0,0,1,0,1,1,1
3017,36,0,2,0,0,1,1,0,1,1
2800,27,1,6,39,1,0,0,1,1,1
6089,28,1,6,2,0,1,1,0,1,1
3483,24,0,1,10,1,0,0,1,0,1
5061,30,1,4,0,0,1,0,1,0,1
3434,33,0,0,0,0,1,0,1,1,1
1051,27,0,0,2,1,0,0,1,0,1
1868,34,0,2,1,1,0,1,0,0,1
1094,38,0,2,8,1,0,0,1,0,1
544,22,0,0,1,1,0,1,0,1,0
2079,55,1,33,242,1,0,0,1,0,0
4505,24,1,3,0,1,0,0,1,1,1
5759,23,0,1,1,1,0,0,1,0,1
3482,54,0,2,0,0,1,0,1,0,1
2852,39,0,1,0,0,1,0,1,0,1
880,25,0,1,0,1,0,0,1,0,1
3869,23,0,1,0,1,0,1,0,1,1
5170,28,0,7,0,0,1,0,1,1,1
5117,30,0,2,18,0,1,0,1,1,1
642,21,1,1,0,1,0,0,1,0,1
5084,24,1,8,0,1,0,0,1,0,1
873,46,0,0,0,1,0,0,1,0,1
5641,47,0,5,2,1,0,0,1,1,1
4864,50,0,1,0,0,1,0,1,0,1
5388,18,1,4,23,1,0,0,1,1,1
1414,19,1,0,2,0,1,0,1,0,1
2878,21,1,7,10,1,0,0,1,1,0
4408,21,1,0,1,0,1,0,1,1,1
3149,39,0,0,3,1,0,0,1,0,1
1394,45,0,0,13,1,0,0,1,0,1
2924,21,0,1,1,1,0,0,1,0,1
57,27,1,6,30,1,0,0,1,1,1
5402,24,0,7,1,1,0,1,0,1,0
1493,35,0,3,0,1,0,1,0,0,1
4206,31,0,1,0,0,1,1,0,1,1
2335,38,1,20,1,1,0,1,0,0,0
1776,25,0,2,26,1,0,0,1,1,1
1119,39,0,3,13,1,0,0,1,0,1
4671,27,0,6,1,1,0,1,0,0,0
4222,41,0,0,1,0,1,1,0,1,1
1784,35,1,1,1,1,0,0,1,1,1
1171,27,1,1,21,0,1,0,1,0,1
4084,34,0,19,1,0,1,0,1,1,0
4028,37,0,0,0,1,0,0,1,0,1
3631,25,1,1,0,1,0,0,1,1,1
87,39,1,0,1,1,0,1,0,0,1
2678,35,1,0,1,1,0,0,1,1,1
5053,23,0,0,0,1,0,0,1,1,1
1686,22,1,1,0,1,0,0,1,1,1
832,25,0,0,0,1,0,0,1,0,1
1704,56,0,1,2,1,0,0,1,1,1
3204,30,0,1,0,1,0,1,0,1,1
175,27,0,0,2,0,1,0,1,1,1
1729,31,1,13,0,0,1,0,1,1,0
4338,34,1,8,4,1,0,0,1,1,1
836,32,0,8,2,1,0,0,1,0,1
3365,39,0,4,3,1,0,1,0,1,1
2163,32,0,0,0,0,1,0,1,0,1
4443,67,0,8,1,1,0,0,1,1,1
686,30,1,17,4,1,0,0,1,1,0
164,45,0,2,358,1,0,0,1,0,1
2577,24,1,4,51,1,0,0,1,1,0
317,28,0,1,1,0,1,0,1,1,1
3535,58,1,2,0,0,1,0,1,0,1
4244,22,0,0,0,0,1,0,1,0,1
3800,55,0,1,4,0,1,0,1,0,1
4769,22,1,0,0,0,1,0,1,0,1
2591,35,0,1,0,0,1,1,0,0,1
4219,44,0,3,0,1,0,0,1,0,1
1621,28,1,1,30,1,0,0,1,0,1
2582,69,1,0,0,0,1,0,1,0,1
1395,31,1,7,1,1,0,1,0,1,1
1065,45,0,5,0,0,1,1,0,0,1
1253,36,0,5,11,1,0,0,1,1,1
3430,30,1,10,1,0,1,0,1,1,1
5561,34,0,1,0,0,1,0,1,0,1
1021,38,0,3,1,1,0,0,1,1,1
1530,28,0,0,0,1,0,0,1,0,1
2869,26,1,1,57,1,0,0,1,1,0
2509,23,1,3,3,1,0,0,1,0,1
3385,58,0,2,5,1,0,0,1,0,1
3403,34,0,3,10,0,1,1,0,0,1
4934,21,0,1,11,1,0,0,1,0,1
3399,48,0,7,0,1,0,0,1,0,1
5130,20,1,1,40,1,0,0,1,0,1
5592,24,0,0,0,0,1,0,1,1,1
933,23,1,1,0,1,0,0,1,1,1
3153,42,1,4,17,1,0,0,1,0,1
1456,34,1,7,0,1,0,0,1,1,1
1663,31,1,4,1,0,1,0,1,1,1
41,35,1,13,0,1,0,0,1,1,0
2657,26,1,2,0,1,0,0,1,0,0
1282,28,0,3,0,1,0,0,1,1,1
3431,52,0,0,1,1,0,0,1,0,1
4331,55,0,2,2,1,0,1,0,0,1
199,28,0,1,3,1,0,0,1,0,1
255,37,0,5,10,1,0,0,1,0,1
26,33,1,0,37,1,0,0,1,1,0
3805,61,0,12,241,1,0,0,1,1,1
5778,41,1,13,0,1,0,0,1,1,0
203,30,0,4,-1,1,0,0,1,1,1
5474,24,0,0,1,1,0,0,1,1,1
4096,25,1,6,0,1,0,0,1,0,0
5078,34,0,1,1,0,1,0,1,0,1
1938,24,1,3,0,1,0,0,1,1,1
5139,29,0,0,0,1,0,0,1,1,1
6078,38,0,0,1,0,1,0,1,0,1
3411,34,1,0,1,1,0,0,1,0,1
5438,44,0,2,5,0,1,0,1,1,1
1176,36,0,0,1,1,0,0,1,1,0
5915,55,1,3,69,0,1,0,1,1,1
5781,67,0,0,42,0,1,0,1,0,1
5097,20,0,0,0,1,0,0,1,0,1
21,24,1,1,0,1,0,0,1,0,1
6107,25,1,7,3,0,1,0,1,0,1
349,31,1,7,1,0,1,0,1,1,1
3905,41,0,2,15,1,0,1,0,0,1
5480,29,1,6,0,1,0,0,1,0,1
1638,35,0,1,1,0,1,0,1,1,1
3468,29,0,0,-1,1,0,0,1,0,1
1513,60,1,0,1,1,0,1,0,0,1
2452,60,1,18,3,0,1,0,1,0,1
4733,31,1,2,1,1,0,1,0,0,0
3389,31,1,17,1,1,0,0,1,0,0
1567,27,1,4,1,0,1,0,1,0,1
1207,39,1,1,0,1,0,0,1,0,1
2654,30,1,2,5,0,1,0,1,0,1
3817,32,0,0,1,1,0,0,1,0,1
5702,27,0,0,0,0,1,0,1,0,1
4740,34,1,0,33,1,0,0,1,1,0
2292,26,1,13,7,0,1,0,1,1,0
796,27,1,0,0,0,1,1,0,0,1
232,30,1,11,1,1,0,0,1,1,1
350,22,1,1,0,1,0,0,1,0,1
2494,45,1,7,0,1,0,1,0,0,1
1769,53,0,0,0,0,1,0,1,0,1
368,24,0,0,0,1,0,1,0,0,1
1735,35,0,0,1,1,0,0,1,1,0
3422,41,0,3,1,1,0,1,0,0,1
5250,31,0,0,4,0,1,1,0,1,1
3304,23,0,0,0,0,1,0,1,0,1
760,43,0,0,0,0,1,0,1,0,1
2372,25,0,3,7,0,1,0,1,1,1
2119,21,0,1,0,0,1,0,1,0,1
4535,28,1,4,0,0,1,0,1,1,1
1466,23,0,2,0,1,0,0,1,0,1
731,24,0,7,1,0,1,0,1,1,0
4976,35,0,4,11,1,0,0,1,1,1
451,21,1,0,-1,1,0,0,1,0,1
5556,21,1,2,0,1,0,0,1,1,0
6117,26,0,2,0,0,1,0,1,1,1
2181,30,1,11,2,1,0,0,1,1,0
2537,32,0,0,0,0,1,1,0,1,1
1867,38,1,2,192,1,0,0,1,1,1
1235,31,1,2,3,0,1,0,1,0,1
3861,35,1,3,9,0,1,0,1,0,1
5320,30,0,3,0,1,0,1,0,1,1
77,36,1,9,3,1,0,0,1,1,1
3180,23,0,0,1,1,0,0,1,1,1
590,44,0,1,1,1,0,0,1,1,1
5265,26,1,5,1,1,0,1,0,1,1
4006,27,1,2,6,1,0,0,1,0,1
743,40,0,0,22,1,0,0,1,0,1
1507,34,1,3,33,1,0,0,1,1,1
6050,29,1,15,1,1,0,0,1,1,1
3714,21,0,0,0,0,1,0,1,0,1
807,30,1,1,1,0,1,0,1,1,1
4613,45,0,16,1,1,0,0,1,1,1
3418,23,0,0,0,1,0,1,0,0,1
3732,24,0,0,0,1,0,0,1,0,1
105,27,1,3,0,1,0,0,1,1,0
1708,51,0,0,1,0,1,0,1,1,1
4684,25,1,1,68,1,0,0,1,0,1
2308,28,0,3,16,1,0,1,0,1,1
2601,52,0,0,0,0,1,0,1,0,1
2165,61,0,0,2,0,1,0,1,0,1
1155,59,1,17,23,1,0,0,1,0,1
4541,20,1,0,0,1,0,0,1,1,1
5740,33,0,0,0,1,0,1,0,0,1
2832,24,0,0,0,0,1,1,0,1,1
2466,20,0,0,0,1,0,1,0,0,1
1890,52,1,1,70,0,1,0,1,1,1
5319,31,0,1,1,1,0,0,1,1,1
4385,30,1,2,0,1,0,0,1,1,0
1762,36,0,0,0,1,0,0,1,0,1
1777,42,1,1,1,1,0,0,1,1,1
3480,38,0,2,28,0,1,0,1,0,1
1860,30,1,0,1,0,1,1,0,0,1
3376,23,1,2,15,1,0,0,1,0,1
701,23,0,1,1,1,0,1,0,1,1
575,34,1,15,3,1,0,1,0,0,0
1584,51,1,1,1,1,0,0,1,0,1
5406,32,0,7,1,1,0,0,1,0,1
529,29,0,0,0,0,1,0,1,1,1
983,41,0,9,0,0,1,0,1,1,0
3938,36,1,5,0,1,0,0,1,0,1
3059,23,1,0,0,0,1,0,1,0,1
961,52,0,6,33,0,1,1,0,0,1
3186,36,1,14,173,1,0,0,1,1,1
4483,45,1,21,1,1,0,0,1,0,1
3596,42,0,3,0,1,0,1,0,0,1
3633,43,1,0,0,0,1,1,0,0,1
5744,27,0,0,1,0,1,0,1,0,1
3275,34,1,16,1,1,0,0,1,0,1
3126,37,1,4,0,0,1,0,1,0,1
1292,47,1,14,0,1,0,0,1,1,0
3687,21,1,1,456,1,0,0,1,1,0
1064,40,0,0,0,0,1,0,1,0,1
2367,51,1,9,35,1,0,0,1,1,0
977,20,1,0,0,1,0,0,1,0,1
4180,24,0,0,0,0,1,1,0,1,1
1655,30,0,1,1,0,1,0,1,1,1
2581,32,1,2,19,1,0,0,1,1,0
5405,46,0,1,0,1,0,0,1,0,1
1196,37,0,0,5,0,1,1,0,1,1
433,28,0,2,1,0,1,0,1,0,1
3729,39,1,0,0,1,0,0,1,1,1
5188,24,1,1,0,1,0,0,1,1,1
4900,29,0,1,1,1,0,1,0,0,1
5824,23,0,3,1,0,1,0,1,0,1
685,29,0,3,0,0,1,0,1,0,1
850,21,1,1,1,1,0,0,1,0,1
5701,23,1,5,1,1,0,0,1,1,0
5377,52,1,0,0,1,0,1,0,1,1
1275,21,1,5,1,1,0,0,1,0,0
279,21,1,0,1,1,0,1,0,1,0
2871,36,1,25,0,0,1,0,1,1,0
790,28,1,10,1,0,1,0,1,1,1
2375,46,0,12,2,0,1,0,1,1,1
5273,29,0,1,2,1,0,0,1,0,1
3592,30,1,5,5,0,1,0,1,0,0
5434,33,0,0,0,1,0,0,1,1,1
261,28,1,3,0,0,1,0,1,0,1
719,51,0,0,1,1,0,0,1,0,1
486,38,0,15,0,1,0,0,1,1,1
4092,58,1,0,1,1,0,1,0,0,1
4537,32,0,6,0,1,0,0,1,0,0
2504,33,0,2,1,0,1,0,1,1,1
5492,26,1,7,1,1,0,0,1,1,0
5278,26,1,0,2,1,0,0,1,0,1
2244,35,0,4,31,0,1,0,1,0,1
2959,38,0,0,0,0,1,0,1,0,1
3339,57,1,9,58,1,0,0,1,0,1
3006,21,0,1,1,1,0,0,1,1,0
3875,23,0,1,35,1,0,0,1,1,1
3160,25,0,0,0,0,1,1,0,0,1
1736,34,1,2,9,1,0,0,1,0,1
940,23,1,3,0,1,0,1,0,1,1
4837,39,0,2,6,1,0,1,0,0,1
5473,28,1,11,2,1,0,0,1,1,1
1046,29,1,4,355,1,0,0,1,1,0
2961,52,1,5,6,1,0,0,1,0,1
6058,34,0,1,1,1,0,0,1,0,1
1127,25,0,0,1,1,0,0,1,0,1
3238,33,0,0,0,1,0,0,1,1,1
1934,25,0,1,4,1,0,1,0,1,1
5441,26,0,0,0,1,0,0,1,0,1
1100,26,1,0,1,1,0,0,1,0,1
5201,57,0,4,257,1,0,1,0,0,1
1315,33,0,2,1,0,1,0,1,0,1
591,46,0,0,1,1,0,0,1,1,1
4847,44,0,0,1,1,0,0,1,1,1
4124,49,0,4,3,0,1,1,0,0,1
3272,34,0,3,5,0,1,0,1,0,1
4970,46,0,1,10,1,0,0,1,0,1
5522,55,0,0,0,1,0,1,0,0,1
4735,26,1,1,0,1,0,1,0,0,0
1453,49,0,1,24,1,0,0,1,1,1
6160,30,1,19,9,1,0,0,1,1,0
1295,56,0,0,-1,1,0,0,1,0,1
3621,58,1,4,0,1,0,0,1,0,1
800,47,0,0,1,0,1,0,1,0,1
3964,52,0,0,0,0,1,1,0,0,1
1627,23,0,0,3,1,0,0,1,1,1
467,26,0,3,1,1,0,0,1,1,1
2465,48,0,3,0,1,0,0,1,0,1
3561,26,1,4,45,1,0,0,1,1,1
2818,24,1,1,75,1,0,0,1,1,1
5762,41,0,1,1,0,1,0,1,1,1
1970,53,0,1,11,1,0,0,1,0,1
23,32,0,0,1,0,1,0,1,0,1
1752,37,1,0,2,1,0,0,1,0,1
1182,37,1,0,1,1,0,0,1,0,1
2032,41,1,3,1,1,0,0,1,1,1
849,69,0,0,0,0,1,0,1,0,1
2532,29,1,0,6,1,0,0,1,0,1
3236,33,1,2,9,1,0,1,0,0,1
1126,23,0,0,0,0,1,0,1,1,1
2807,23,0,0,2,1,0,1,0,1,1
567,54,0,0,-1,1,0,0,1,0,1
1680,32,1,21,64,1,0,0,1,1,0
1344,48,0,1,1,0,1,0,1,0,1
606,62,0,0,2,1,0,0,1,0,1
1921,21,1,0,3,1,0,0,1,1,1
3356,51,0,1,1,0,1,0,1,0,1
3068,53,1,1,2,0,1,0,1,0,1
5568,58,0,0,1,0,1,0,1,1,1
4031,21,0,1,156,1,0,0,1,1,1
6119,36,0,0,2,0,1,0,1,1,1
1357,29,0,3,177,1,0,0,1,0,1
2278,31,1,3,0,0,1,0,1,0,1
3400,29,1,12,12,1,0,0,1,1,0
2828,26,1,24,85,0,1,0,1,1,0
1120,58,0,4,1,1,0,1,0,1,1
5247,29,1,1,0,1,0,0,1,0,1
205,31,1,0,30,1,0,0,1,0,0
3136,38,0,2,19,1,0,0,1,0,1
1656,46,0,9,4,0,1,0,1,0,1
4357,53,1,8,4,0,1,0,1,0,1
1935,21,0,1,0,0,1,0,1,1,0
2415,42,1,1,6,0,1,0,1,1,1
6043,47,0,1,0,1,0,0,1,1,1
500,25,0,0,0,0,1,0,1,1,1
5428,28,0,0,0,0,1,1,0,1,1
465,42,0,8,1,1,0,0,1,1,1
3305,42,0,0,1,1,0,0,1,1,1
5734,47,1,5,0,0,1,0,1,0,1
1370,37,0,2,0,1,0,0,1,1,1
893,22,0,0,0,0,1,0,1,0,1
1863,59,0,0,0,1,0,0,1,0,1
3515,24,1,7,199,1,0,0,1,1,0
6149,34,1,3,2,0,1,0,1,1,1
5445,28,1,0,2,1,0,1,0,1,1
1619,58,0,1,60,1,0,0,1,1,1
4992,56,0,3,0,1,0,1,0,0,1
1822,25,1,4,0,1,0,0,1,1,0
94,38,1,5,2,0,1,0,1,0,1
5118,39,0,0,3,0,1,0,1,0,1
5352,29,1,3,-1,1,0,0,1,1,1
1166,29,0,0,1,0,1,0,1,1,1
3436,27,0,0,1,0,1,1,0,1,1
2956,31,1,5,1,1,0,0,1,0,1
3333,55,0,0,5,0,1,0,1,0,1
4404,40,1,8,43,0,1,0,1,1,1
5827,30,0,0,1,0,1,0,1,0,1
1481,19,0,1,4,1,0,0,1,0,0
4859,30,0,1,0,1,0,0,1,1,1
238,43,0,0,41,1,0,0,1,1,1
5693,57,0,2,0,0,1,0,1,1,1
4239,48,0,0,1,1,0,1,0,0,1
3685,29,1,3,0,1,0,0,1,1,0
4332,68,0,0,0,0,1,0,1,0,1
1008,20,1,0,4,0,1,0,1,1,0
1410,51,0,0,91,0,1,0,1,0,1
5943,29,1,1,3,1,0,0,1,1,1
602,50,1,18,248,1,0,0,1,1,0
2919,23,1,0,14,1,0,0,1,1,0
2217,21,1,1,1,1,0,0,1,1,0
5089,50,0,5,5,1,0,0,1,0,1
5435,23,1,5,1,1,0,0,1,1,1
1397,28,0,5,1,0,1,0,1,1,1
3109,53,0,1,1,1,0,0,1,0,1
3892,44,0,0,0,0,1,1,0,0,1
953,40,0,0,0,0,1,1,0,0,1
1402,35,1,23,1,1,0,0,1,1,0
5542,22,1,1,1,1,0,0,1,0,1
1795,26,0,0,1,0,1,0,1,0,1
3553,54,1,3,2,1,0,0,1,1,1
1123,21,1,2,140,1,0,0,1,1,0
2433,40,1,4,15,1,0,0,1,0,1
3047,25,1,0,0,1,0,1,0,0,1
3774,51,0,0,0,0,1,1,0,0,1
3712,43,1,0,1,1,0,0,1,1,1
1614,33,1,14,2,1,0,0,1,1,0
4116,25,1,0,-1,0,1,0,1,1,1
1142,66,0,0,1,0,1,0,1,0,1
4176,29,0,1,0,0,1,1,0,1,1
3390,33,1,0,83,1,0,0,1,0,1
615,42,0,1,0,1,0,0,1,0,1
762,27,1,0,27,1,0,0,1,0,0
5903,25,0,1,4,1,0,1,0,1,1
4538,23,1,2,1,1,0,0,1,1,0
1241,43,1,4,1,1,0,0,1,1,1
5597,21,1,1,0,1,0,0,1,1,1
492,66,1,0,0,0,1,0,1,0,1
4154,30,0,5,1,0,1,0,1,1,0
4126,21,1,0,1,0,1,0,1,0,1
895,26,1,4,0,1,0,1,0,1,1
671,31,0,2,0,0,1,0,1,0,1
3446,36,0,2,1,1,0,1,0,0,1
158,57,0,1,19,1,0,0,1,0,1
2030,29,0,0,0,0,1,0,1,1,1
4346,39,0,0,0,1,0,0,1,0,1
1675,55,0,0,0,0,1,0,1,0,1
2120,27,1,1,168,1,0,0,1,1,1
5151,30,1,11,6,1,0,1,0,1,1
6008,74,0,0,1,0,1,0,1,0,1
213,37,0,0,1,0,1,1,0,0,1
924,24,1,1,-1,0,1,0,1,1,1
5869,45,0,2,0,0,1,0,1,0,1
5583,22,0,0,1,0,1,1,0,1,1
2063,24,0,0,1,0,1,0,1,1,1
809,33,1,7,78,1,0,0,1,1,1
1257,25,0,5,0,1,0,1,0,0,1
5511,53,0,20,3,1,0,0,1,1,1
1927,49,1,0,1,1,0,0,1,0,1
1057,21,0,0,0,1,0,0,1,1,1
2424,40,1,8,40,1,0,0,1,0,1
285,51,0,1,1,0,1,0,1,0,1
1231,61,1,3,0,0,1,0,1,0,1
3620,34,1,7,-1,1,0,0,1,1,1
2996,21,0,0,0,1,0,0,1,0,1
5847,21,0,0,77,1,0,1,0,1,0
2096,37,0,1,1,0,1,0,1,0,1
5277,29,0,4,0,1,0,0,1,0,0
1585,58,0,3,18,0,1,1,0,1,1
5052,21,1,0,6,1,0,0,1,1,0
6025,52,0,0,1,0,1,1,0,0,1
1968,49,1,1,5,1,0,0,1,0,1
2842,21,1,0,1,1,0,0,1,1,1
3457,44,1,6,118,1,0,0,1,0,1
5313,36,0,1,0,0,1,0,1,0,1
3761,26,1,18,197,1,0,0,1,1,0
5939,25,1,2,1,1,0,0,1,0,1
3371,58,1,5,1,1,0,0,1,0,1
2658,39,0,3,0,1,0,0,1,0,1
1187,27,1,3,0,1,0,0,1,1,0
5433,37,0,2,169,1,0,0,1,1,0
3077,30,0,1,2,0,1,0,1,1,1
2835,48,0,6,1,1,0,0,1,1,1
1658,33,1,0,0,1,0,0,1,1,1
388,28,0,5,1,1,0,0,1,1,0
519,22,1,0,0,1,0,0,1,1,0
5644,36,0,1,1,0,1,1,0,0,1
4560,21,0,1,0,1,0,0,1,0,1
4702,31,1,5,0,1,0,0,1,0,1
2775,29,0,1,43,0,1,0,1,0,1
5573,30,1,15,-1,1,0,1,0,1,0
812,23,0,0,2,0,1,0,1,0,1
1136,53,1,8,5,1,0,0,1,1,1
4840,26,1,1,4,1,0,0,1,1,0
4667,56,0,0,0,0,1,1,0,0,1
569,59,0,2,29,1,0,1,0,0,1
2864,22,1,0,6,1,0,0,1,0,1
820,36,1,5,19,0,1,0,1,1,0
4351,34,0,2,12,1,0,0,1,1,1
5323,20,1,0,0,1,0,0,1,1,1
1391,49,0,2,1,0,1,0,1,0,1
6035,26,0,0,0,1,0,0,1,1,1
2717,31,0,0,0,0,1,0,1,0,1
1347,27,0,1,1,1,0,0,1,1,1
2103,42,1,7,1,1,0,0,1,1,1
4308,47,0,0,0,0,1,0,1,0,1
966,25,1,1,0,0,1,0,1,0,1
4252,50,1,9,1,0,1,0,1,0,1
3983,23,0,3,6,0,1,0,1,1,1
5742,57,0,0,1,0,1,0,1,0,1
3170,32,1,17,0,1,0,0,1,1,0
1931,34,0,3,0,1,0,0,1,1,1
5293,48,0,0,1,1,0,1,0,0,1
1081,30,1,1,2,1,0,0,1,0,1
1743,56,0,1,0,1,0,0,1,1,1
2586,27,1,0,-1,0,1,0,1,0,1
9,37,0,0,0,0,1,1,0,0,1
5937,22,0,1,17,0,1,1,0,0,0
2325,54,1,0,0,0,1,0,1,1,1
3721,28,1,0,0,0,1,0,1,1,1
4842,29,1,11,49,1,0,0,1,0,0
4776,22,1,0,50,1,0,0,1,1,1
1773,41,0,4,0,1,0,0,1,1,1
3818,29,0,0,1,1,0,0,1,1,1
2180,30,1,0,0,1,0,0,1,0,1
5081,25,1,6,1,0,1,0,1,1,1
3119,43,0,5,0,1,0,0,1,1,0
5599,24,0,0,1,1,0,0,1,1,0
2510,25,1,1,0,1,0,0,1,1,1
3311,27,0,2,0,1,0,0,1,1,1
2767,32,1,10,3,1,0,0,1,1,1
4127,25,0,0,1,1,0,0,1,0,1
3514,34,1,0,62,1,0,1,0,0,1
5523,26,1,10,2,1,0,0,1,1,0
3902,31,0,0,2,1,0,1,0,1,1
6041,38,1,1,0,0,1,0,1,0,1
3501,32,1,9,23,0,1,0,1,1,1
5036,64,0,1,0,0,1,0,1,0,1
3261,24,1,11,51,1,0,0,1,1,0
6000,49,1,3,34,1,0,0,1,0,0
3340,33,1,0,0,0,1,0,1,0,1
5886,31,0,0,0,1,0,0,1,0,1
1386,37,1,8,1,1,0,0,1,1,1
471,63,0,1,5,0,1,0,1,0,1
5746,29,0,0,0,1,0,0,1,0,1
4455,22,1,5,0,0,1,0,1,0,1
5077,46,0,0,78,1,0,0,1,0,1
3771,29,0,0,0,0,1,1,0,0,1
4010,33,1,6,1,0,1,0,1,1,1
346,21,0,0,0,0,1,0,1,0,1
1740,28,0,2,2,0,1,0,1,1,1
4409,51,0,4,1,1,0,0,1,1,1
3218,30,0,6,0,0,1,0,1,0,1
3634,30,0,1,35,0,1,0,1,0,1
4158,51,0,0,1,1,0,1,0,0,1
5959,23,0,0,1,1,0,0,1,1,1
2825,24,1,2,506,0,1,0,1,1,0
1563,54,0,0,6,1,0,0,1,0,1
2894,71,0,13,0,1,0,0,1,0,1
2639,26,0,0,0,0,1,0,1,0,1
5309,28,1,12,1,0,1,0,1,1,1
929,25,0,2,12,0,1,0,1,0,0
2193,37,0,13,1,1,0,1,0,1,1
5779,23,0,0,0,0,1,0,1,0,1
4312,28,0,0,0,0,1,1,0,0,1
4087,42,0,1,0,1,0,1,0,1,1
367,36,0,2,0,0,1,0,1,0,1
371,20,1,1,1,1,0,0,1,1,0
1646,27,0,1,8,1,0,0,1,1,1
4442,20,1,5,1,1,0,0,1,1,0
2333,27,0,0,4,1,0,0,1,0,1
1340,45,0,1,0,0,1,1,0,0,1
4994,40,1,0,4,1,0,0,1,1,0
4645,29,1,11,1,1,0,0,1,1,1
1711,25,0,0,1,1,0,0,1,1,1
2207,40,0,1,0,1,0,0,1,0,1
5257,36,0,6,0,0,1,0,1,1,1
3453,34,1,2,0,1,0,0,1,0,1
3931,30,1,0,1,1,0,0,1,0,1
5120,20,0,0,0,0,1,0,1,0,1
5998,46,0,2,1,0,1,0,1,1,1
5092,35,0,0,1,1,0,1,0,0,1
2610,48,1,20,46,1,0,0,1,0,0
1361,21,1,0,8,1,0,0,1,1,0
537,38,0,0,1,1,0,0,1,1,1
4885,35,0,4,169,1,0,0,1,0,1
4533,51,1,15,34,1,0,0,1,1,0
1048,32,0,0,0,0,1,0,1,0,1
702,39,0,2,0,0,1,0,1,0,1
5927,24,0,12,17,0,1,0,1,1,0
4073,68,0,4,11,0,1,0,1,0,1
5344,36,0,2,0,0,1,0,1,1,1
1496,23,0,1,2,1,0,0,1,1,1
967,62,0,0,0,0,1,1,0,0,1
808,45,1,0,1,1,0,0,1,1,1
5856,48,1,11,56,0,1,0,1,1,1
1377,31,1,8,0,0,1,0,1,1,1
2916,24,1,1,1,1,0,0,1,1,1
439,24,0,0,1,1,0,0,1,0,1
1526,35,0,12,10,1,0,0,1,0,0
3010,56,0,3,191,1,0,0,1,0,1
3267,47,0,3,2,1,0,0,1,0,1
4605,48,0,0,33,1,0,0,1,0,1
884,53,0,0,0,0,1,1,0,0,1
667,36,0,0,5,1,0,0,1,0,1
3030,43,1,3,1,0,1,1,0,0,1
5658,39,0,1,62,1,0,1,0,1,1
2597,38,0,0,5,1,0,0,1,1,0
1233,51,0,2,34,1,0,0,1,0,1
1073,28,0,0,0,0,1,0,1,1,1
4367,27,1,1,28,0,1,0,1,0,1
2812,30,0,3,65,1,0,0,1,0,1
2696,25,1,1,0,0,1,0,1,0,1
6093,47,1,3,5,0,1,0,1,0,1
241,46,0,3,14,1,0,0,1,0,1
2438,20,1,1,0,0,1,0,1,1,1
3217,23,1,2,1,1,0,0,1,1,1
5467,51,1,12,151,1,0,0,1,1,0
5270,35,0,2,0,0,1,0,1,0,1
5638,27,1,2,0,1,0,1,0,0,1
5822,30,0,0,0,0,1,0,1,1,1
5245,44,0,1,1,1,0,0,1,0,1
4134,22,1,2,1,0,1,0,1,1,1
3202,48,1,1,1,0,1,1,0,0,1
2680,39,1,8,31,1,0,1,0,0,1
4256,43,0,2,16,0,1,1,0,1,1
1277,55,1,13,0,1,0,0,1,0,1
4496,25,0,2,0,1,0,0,1,1,0
5026,41,0,0,3,1,0,0,1,1,1
2123,29,0,1,0,1,0,0,1,0,1
3463,45,0,7,1,1,0,0,1,0,1
2021,22,1,1,0,1,0,0,1,1,1
1460,25,0,9,2,1,0,0,1,1,1
5708,32,1,2,0,0,1,0,1,0,1
4091,27,0,0,1,1,0,0,1,0,1
3532,23,1,2,7,0,1,0,1,1,0
4366,23,1,2,0,1,0,1,0,1,0
528,31,0,1,-1,0,1,0,1,1,1
1218,52,0,1,24,1,0,0,1,0,1
5448,36,1,6,0,1,0,1,0,0,1
1072,21,1,0,-1,1,0,0,1,0,1
1888,21,0,1,12,1,0,0,1,0,0
3378,21,0,0,2,1,0,0,1,0,1
5878,27,1,0,0,1,0,0,1,0,1
5487,36,0,0,0,1,0,0,1,1,1
3692,59,0,0,1,0,1,0,1,1,1
4271,36,1,11,2,0,1,0,1,0,1
5437,24,0,0,0,1,0,0,1,1,1
4927,21,0,1,22,1,0,0,1,1,1
1463,46,0,0,0,1,0,0,1,0,1
2809,26,1,5,33,1,0,1,0,1,1
1269,20,1,3,0,0,1,1,0,0,0
2962,22,1,2,2,0,1,1,0,0,1
3656,24,1,1,6,0,1,0,1,1,0
4958,29,0,0,47,1,0,1,0,0,1
236,25,0,0,0,1,0,1,0,0,1
3573,22,0,0,0,0,1,1,0,0,1
2822,23,1,7,9,1,0,0,1,0,1
2086,24,1,0,1,1,0,0,1,0,1
715,28,1,1,5,1,0,0,1,1,1
5863,28,1,5,2,1,0,0,1,1,1
1228,32,0,3,86,1,0,0,1,0,1
894,31,0,0,2,1,0,1,0,1,0
3409,20,1,1,0,0,1,0,1,1,0
3460,27,1,3,7,1,0,0,1,1,0
3969,26,0,1,1,0,1,0,1,0,1
4050,40,0,3,40,0,1,0,1,0,1
1217,49,0,4,35,0,1,0,1,1,1
206,37,1,0,35,1,0,0,1,0,1
2453,37,1,2,0,1,0,0,1,1,1
4387,33,1,3,11,1,0,0,1,1,1
3768,34,0,3,0,0,1,0,1,0,1
3628,56,0,0,6,1,0,0,1,1,1
6044,66,0,0,1,0,1,0,1,0,1
2391,51,0,2,22,1,0,0,1,0,1
1054,20,1,0,0,0,1,0,1,0,0
1875,40,0,1,1,1,0,0,1,1,1
2517,29,1,1,1,0,1,0,1,1,1
2981,20,1,0,6,1,0,0,1,0,0
5664,29,1,2,-1,0,1,1,0,0,1
3093,21,1,1,48,1,0,0,1,0,1
4316,24,1,2,1,1,0,1,0,1,1
2275,28,1,4,3,1,0,0,1,0,1
2314,27,1,5,3,1,0,0,1,1,1
2587,20,1,1,1,1,0,1,0,1,1
3517,38,1,5,41,1,0,1,0,0,1
5032,36,1,2,47,1,0,0,1,1,1
920,49,0,0,0,1,0,0,1,0,1
3819,22,1,1,103,1,0,0,1,1,0
1873,28,1,1,0,1,0,0,1,1,1
1404,24,0,1,1,1,0,0,1,1,1
93,21,1,3,6,1,0,0,1,1,0
2198,52,0,7,181,1,0,0,1,1,1
5131,24,1,5,18,1,0,0,1,0,1
5374,47,0,3,3,0,1,0,1,0,1
649,26,1,5,22,1,0,0,1,1,1
5303,25,1,1,1,1,0,0,1,1,0
696,34,1,1,0,0,1,0,1,0,1
4887,43,1,4,25,1,0,0,1,1,1
2670,37,1,10,0,1,0,0,1,1,1
134,29,0,1,0,1,0,0,1,0,1
5258,34,1,9,0,1,0,0,1,1,1
2845,31,1,10,4,1,0,0,1,1,0
2175,54,1,0,20,1,0,1,0,0,1
2890,52,0,1,0,1,0,0,1,0,1
1905,19,1,0,1,1,0,1,0,0,1
1376,25,0,0,1,1,0,0,1,1,1
1866,42,1,0,1,0,1,0,1,1,1
5826,55,0,2,13,0,1,0,1,0,1
4676,24,0,1,0,1,0,1,0,0,1
4915,29,0,1,0,1,0,0,1,0,1
4178,31,1,1,17,1,0,0,1,0,0
4280,32,1,0,0,0,1,0,1,0,1
4615,31,1,3,1,0,1,0,1,0,1
420,38,0,0,1,1,0,0,1,1,1
577,23,1,2,80,0,1,0,1,1,0
3265,24,0,1,0,1,0,0,1,1,1
3782,24,0,0,0,0,1,1,0,0,0
4507,27,1,3,0,0,1,1,0,1,1
5908,23,0,1,178,0,1,0,1,1,1
879,46,0,5,12,0,1,0,1,0,1
4490,37,1,8,0,1,0,0,1,0,1
4601,36,1,4,1,1,0,0,1,0,1
838,42,0,0,0,0,1,0,1,0,1
6137,22,0,0,0,0,1,0,1,0,1
1546,36,0,2,0,1,0,0,1,1,1
4079,21,1,3,9,1,0,0,1,1,1
1185,38,1,14,4,1,0,1,0,1,0
5681,27,1,10,14,1,0,1,0,1,0
5496,55,0,27,1,0,1,0,1,0,1
3958,27,1,6,1,0,1,0,1,1,1
3849,23,0,1,-1,0,1,1,0,1,1
2364,31,0,0,80,1,0,0,1,0,0
2012,30,1,6,1,1,0,0,1,1,1
1167,20,1,2,2,1,0,0,1,1,0
331,36,1,14,0,1,0,0,1,1,1
4017,22,0,0,0,0,1,0,1,0,1
5162,25,0,1,0,0,1,0,1,1,1
4608,20,1,0,1,1,0,0,1,1,1
2904,31,0,10,1,1,0,1,0,1,0
3345,47,0,2,1,1,0,0,1,0,1
3860,36,0,0,0,0,1,1,0,1,1
2157,22,1,1,15,1,0,0,1,1,1
1056,51,1,3,1,1,0,0,1,0,1
2479,61,0,0,0,0,1,1,0,0,1
1450,23,1,3,13,0,1,0,1,1,1
4503,49,0,0,0,1,0,1,0,0,1
1420,45,0,1,-1,1,0,0,1,0,1
2975,38,1,5,3,1,0,0,1,0,1
4948,41,1,9,0,0,1,1,0,0,1
2903,20,1,1,0,1,0,0,1,1,1
1947,27,1,2,1,0,1,1,0,1,1
4673,53,0,5,1,1,0,1,0,1,1
3406,27,1,4,50,1,0,0,1,1,1
4947,21,1,2,7,1,0,0,1,1,1
3667,56,1,12,1,1,0,0,1,1,1
761,26,1,9,11,1,0,0,1,1,1
20,21,0,0,1,1,0,1,0,0,1
4458,28,0,0,2,0,1,0,1,0,1
379,41,1,0,3,0,1,0,1,0,1
3472,53,1,15,80,1,0,0,1,1,1
186,48,0,0,1,1,0,0,1,1,1
3084,40,0,0,2,0,1,0,1,1,1
1169,41,0,2,14,1,0,0,1,1,1
5941,47,1,3,7,0,1,0,1,1,1
5072,34,0,3,1,1,0,0,1,1,1
4301,23,0,0,1,1,0,0,1,1,1
5202,26,1,3,47,1,0,0,1,1,1
3278,26,0,0,1,0,1,0,1,1,1
3117,29,1,9,14,1,0,1,0,1,1
5769,31,0,6,25,1,0,0,1,1,1
4699,48,1,0,68,1,0,0,1,0,0
3381,37,1,4,82,0,1,0,1,0,1
1088,21,0,0,1,1,0,0,1,0,1
1542,27,1,5,4,1,0,0,1,1,0
666,48,0,0,11,1,0,0,1,0,1
3846,31,0,5,2,1,0,0,1,1,1
1901,34,1,5,5,1,0,0,1,1,1
2261,31,0,3,0,1,0,0,1,1,1
4593,25,0,0,1,0,1,0,1,1,1
5595,34,0,1,1,0,1,1,0,0,1
4394,26,0,7,1,1,0,0,1,1,1
1091,44,0,2,2,1,0,0,1,1,1
5999,31,1,9,1,0,1,0,1,0,0
92,43,0,1,1,1,0,0,1,0,1
5171,29,0,0,-1,0,1,0,1,0,1
4522,27,1,13,0,1,0,0,1,1,0
2449,66,0,0,1,1,0,0,1,0,1
4987,24,0,6,7,1,0,0,1,0,0
1577,66,0,0,0,0,1,0,1,0,1
3965,35,0,0,0,1,0,0,1,0,1
3296,46,1,2,2,1,0,0,1,0,1
111,37,0,2,1,0,1,1,0,0,1
157,23,1,0,1,0,1,0,1,1,1
1583,56,0,4,2,1,0,0,1,1,1
1103,44,0,0,0,0,1,0,1,1,1
3137,59,1,22,69,1,0,0,1,1,1
2296,31,1,8,3,0,1,0,1,1,0
5178,22,0,0,0,0,1,1,0,0,1
2143,27,1,2,9,0,1,0,1,1,1
1129,30,0,6,133,1,0,0,1,1,1
641,47,1,19,30,1,0,1,0,1,0
3134,33,0,8,2,1,0,0,1,1,1
4259,44,0,0,5,1,0,0,1,0,1
4042,46,0,3,1,1,0,0,1,1,1
550,31,1,0,1,1,0,0,1,1,0
1820,21,1,1,49,1,0,0,1,1,0
5176,31,0,1,1,1,0,0,1,0,1
1263,26,1,0,0,0,1,0,1,0,1
4773,26,1,7,2,1,0,0,1,1,0
6152,25,0,1,8,1,0,0,1,1,1
2760,29,0,5,1,1,0,0,1,1,0
531,31,0,0,0,0,1,0,1,0,1
3470,37,1,4,1,0,1,0,1,0,1
3798,22,0,1,1,0,1,0,1,1,1
3539,26,0,2,0,0,1,1,0,0,1
1733,46,0,0,-1,0,1,0,1,0,1
914,38,0,0,1,1,0,0,1,0,1
2215,67,0,0,0,0,1,0,1,0,1
2820,37,1,7,6,1,0,1,0,0,1
5179,35,0,3,1,1,0,0,1,0,1
3879,31,0,0,0,1,0,0,1,1,1
1518,33,1,0,0,1,0,0,1,0,1
4917,36,1,0,1,0,1,0,1,0,1
1826,37,1,11,0,1,0,0,1,0,0
1285,27,1,6,10,1,0,0,1,1,1
957,61,1,1,0,1,0,0,1,1,1
6097,30,1,3,2,1,0,0,1,1,1
1229,27,0,1,0,0,1,1,0,1,1
1044,24,0,4,0,0,1,0,1,0,0
4896,43,0,0,1,0,1,1,0,1,1
4066,54,1,0,1,1,0,0,1,0,1
4434,22,1,0,32,1,0,0,1,1,1
2366,39,0,2,47,0,1,0,1,1,1
8,23,1,3,4,0,1,0,1,1,1
2751,27,1,2,62,1,0,1,0,0,1
3881,31,1,1,39,1,0,0,1,0,1
5005,52,0,0,0,0,1,0,1,0,1
2747,34,1,9,17,1,0,0,1,1,0
198,52,0,0,13,1,0,0,1,1,1
5326,38,0,7,197,0,1,0,1,1,1
4208,49,0,4,4,0,1,0,1,0,0
1423,64,0,0,4,1,0,0,1,1,1
5588,27,1,2,4,1,0,1,0,1,1
3960,23,1,4,133,0,1,1,0,0,0
4785,23,1,0,0,0,1,0,1,1,1
2387,29,0,1,0,0,1,0,1,0,0
1204,42,1,1,0,0,1,0,1,0,1
1448,31,0,3,0,1,0,0,1,0,1
450,32,1,1,0,1,0,0,1,0,1
3427,44,0,0,2,0,1,0,1,1,1
5980,23,1,10,4,1,0,0,1,1,0
144,23,0,0,0,1,0,0,1,0,1
31,33,1,4,11,0,1,1,0,0,1
981,33,0,3,0,0,1,0,1,0,1
5416,41,0,3,1,1,0,0,1,0,1
3089,28,0,0,2,1,0,1,0,0,1
4067,64,0,13,1,0,1,0,1,1,1
2276,33,0,2,14,1,0,1,0,0,1
1476,26,1,7,18,1,0,0,1,0,1
3454,70,0,0,1,0,1,0,1,1,1
4297,24,1,7,0,1,0,0,1,1,1
4340,23,1,0,1,1,0,1,0,1,1
2084,53,0,0,0,0,1,0,1,0,1
4855,24,0,0,1,0,1,1,0,0,1
5932,21,1,3,1,1,0,0,1,0,0
534,27,0,5,1,0,1,0,1,0,0
1111,51,0,5,32,1,0,1,0,0,1
4962,26,0,5,0,1,0,0,1,0,1
3611,59,1,15,14,0,1,0,1,1,1
4025,28,1,1,1,1,0,1,0,0,1
4328,28,1,6,80,1,0,0,1,1,0
5993,28,0,1,0,1,0,1,0,1,1
1278,41,0,0,0,0,1,1,0,0,1
5783,40,0,1,1,1,0,0,1,0,1
4129,24,1,11,77,0,1,1,0,1,0
4474,33,1,12,1,1,0,0,1,1,0
2839,25,1,6,1,0,1,0,1,0,1
2540,30,0,3,25,1,0,0,1,0,1
5095,22,1,0,32,1,0,0,1,0,1
478,23,0,1,0,1,0,0,1,1,1
839,21,1,0,0,1,0,0,1,1,0
5737,43,0,1,0,1,0,0,1,0,1
617,45,1,0,2,1,0,0,1,1,1
1134,59,0,1,0,1,0,0,1,1,1
216,23,1,1,1,1,0,0,1,0,1
1316,46,0,0,0,1,0,0,1,1,1
1349,30,1,9,50,1,0,0,1,1,0
4644,34,0,1,2,1,0,1,0,0,1
4253,33,1,16,6,1,0,0,1,1,0
2216,59,1,14,33,1,0,0,1,1,0
3916,52,0,4,4,0,1,0,1,1,1
146,52,0,2,3,0,1,0,1,0,1
5394,27,1,4,0,1,0,0,1,1,1
4690,47,0,1,0,0,1,0,1,0,1
2251,54,0,0,1,0,1,0,1,1,1
4584,60,0,0,1,0,1,0,1,0,1
5945,32,0,1,0,1,0,1,0,0,1
15,31,1,6,1,1,0,0,1,0,1
5777,24,1,1,0,0,1,1,0,1,1
5353,25,1,1,0,1,0,0,1,1,1
4487,22,1,0,6,1,0,1,0,1,1
2441,36,1,9,1,0,1,0,1,0,1
4172,38,1,1,77,1,0,0,1,1,1
5792,31,1,9,27,0,1,0,1,1,0
5133,27,1,0,2,1,0,1,0,0,1
128,20,0,0,0,1,0,1,0,1,1
4745,30,0,3,2,0,1,0,1,0,1
718,43,0,3,1,1,0,0,1,0,1
321,37,1,23,17,1,0,0,1,1,0
3347,28,0,5,34,1,0,0,1,1,0
5426,21,0,0,2,1,0,0,1,1,0
4205,21,1,0,34,1,0,0,1,1,0
1504,47,0,0,1,0,1,0,1,0,1
3175,23,0,0,0,0,1,1,0,0,1
5836,51,0,0,1,1,0,0,1,0,1
2895,27,1,9,0,1,0,0,1,1,1
5571,24,1,15,2,1,0,0,1,1,0
1079,20,0,1,1,1,0,0,1,1,1
3857,29,0,0,89,1,0,0,1,0,0
2241,29,0,0,42,0,1,0,1,1,1
5890,25,0,3,1,1,0,0,1,1,1
3991,38,1,7,6,1,0,0,1,1,1
5841,56,0,1,35,1,0,0,1,0,1
4953,32,0,3,0,1,0,0,1,0,1
1891,48,0,0,0,0,1,0,1,0,1
1964,23,0,0,0,1,0,0,1,0,1
3178,32,1,6,2,0,1,0,1,1,1
5727,27,1,3,0,1,0,0,1,1,1
5422,25,0,0,0,0,1,0,1,1,1
1388,23,1,2,1,1,0,1,0,1,1
1975,32,0,2,0,1,0,0,1,0,1
2040,26,0,0,0,1,0,0,1,1,1
2078,23,0,2,76,1,0,0,1,1,0
4354,38,0,8,15,0,1,0,1,1,1
6073,27,1,0,5,0,1,0,1,1,1
898,36,0,2,1,1,0,0,1,1,1
4678,56,1,6,1,1,0,0,1,0,1
4898,37,0,9,2,1,0,0,1,0,1
5960,46,0,0,0,1,0,0,1,0,1
4344,52,0,3,0,0,1,0,1,0,1
2475,26,1,9,1,0,1,0,1,0,1
1291,32,0,12,1,1,0,0,1,1,0
123,32,1,11,1,1,0,0,1,1,1
3016,32,1,8,2,1,0,0,1,1,0
934,20,0,0,-1,1,0,1,0,1,0
2549,25,1,0,1,1,0,1,0,1,1
5976,20,0,0,0,1,0,0,1,1,1
2538,44,0,1,0,1,0,1,0,0,1
6010,24,0,1,0,0,1,1,0,0,1
4093,45,1,3,0,1,0,0,1,0,1
4467,37,0,1,0,1,0,0,1,0,1
3542,40,1,5,55,1,0,0,1,1,0
1553,37,0,3,0,0,1,0,1,0,1
1443,36,0,0,0,0,1,1,0,1,1
2223,55,0,0,0,0,1,0,1,0,1
2902,23,1,2,0,1,0,0,1,1,1
3266,46,0,1,1,1,0,0,1,0,1
4820,30,0,0,0,1,0,0,1,0,1
38,51,0,7,1,1,0,1,0,1,1
0,69,0,0,0,1,0,0,1,0,1
5463,20,1,2,58,1,0,0,1,1,1
5346,49,0,0,1,0,1,0,1,0,1
5766,22,1,0,10,1,0,0,1,0,1
5461,30,0,0,0,0,1,0,1,0,1
853,29,0,2,37,1,0,0,1,1,1
778,22,1,1,-1,1,0,0,1,1,1
4875,35,0,0,0,1,0,0,1,1,1
1564,43,0,0,0,0,1,0,1,0,1
5534,35,0,13,4,1,0,0,1,0,1
5331,34,1,22,1,1,0,0,1,1,1
4720,52,1,0,0,0,1,0,1,0,1
6129,54,0,1,1,0,1,1,0,0,1
3082,36,0,0,3,1,0,0,1,0,1
1914,27,1,7,10,1,0,0,1,1,1
5104,22,0,1,36,1,0,0,1,1,0
2873,49,0,1,1,0,1,0,1,1,1
862,60,0,1,0,1,0,0,1,0,1
555,47,0,20,1,1,0,0,1,1,0
422,26,1,7,1,1,0,0,1,0,1
5349,49,1,29,0,1,0,0,1,1,1
2570,31,1,3,0,0,1,0,1,0,1
3341,32,0,2,1,1,0,0,1,0,1
2841,40,1,5,30,1,0,0,1,1,1
228,23,1,0,3,1,0,1,0,1,1
3167,39,0,3,2,1,0,0,1,0,1
3020,21,1,1,1,1,0,0,1,1,1
389,63,0,2,3,1,0,0,1,0,1
3025,59,0,2,18,1,0,0,1,0,1
2853,40,0,1,1,1,0,0,1,1,1
4282,36,0,0,0,1,0,0,1,1,1
4288,37,1,1,8,1,0,0,1,0,1
209,28,1,25,25,1,0,0,1,1,0
4391,55,1,0,6,1,0,1,0,0,1
1030,23,0,0,0,0,1,0,1,1,0
3145,39,0,1,1,1,0,0,1,0,1
3681,36,0,1,0,1,0,0,1,0,1
1300,29,0,11,0,1,0,1,0,1,0
557,35,1,1,79,0,1,0,1,1,0
1503,25,0,1,2,1,0,0,1,1,1
2055,50,0,1,0,1,0,0,1,1,1
1333,32,1,2,0,0,1,0,1,0,1
2899,36,1,5,0,1,0,1,0,1,1
4971,33,1,9,14,0,1,0,1,1,1
1059,35,1,4,353,1,0,0,1,1,0
4802,21,0,1,0,1,0,0,1,0,1
2952,28,0,9,0,0,1,0,1,0,1
1470,31,1,1,32,1,0,0,1,0,1
1801,46,0,4,0,1,0,1,0,1,1
741,46,0,0,5,1,0,0,1,0,1
5168,21,0,0,1,0,1,0,1,0,1
2345,31,1,0,1,0,1,1,0,1,1
2884,27,0,3,1,0,1,0,1,1,1
5186,38,0,0,0,1,0,0,1,0,1
564,21,0,0,0,1,0,0,1,1,1
4998,27,1,5,1,1,0,1,0,0,1
3064,57,0,1,17,1,0,0,1,0,1
3189,34,0,0,0,0,1,0,1,0,1
5659,41,1,7,1,1,0,1,0,1,1
29,55,0,0,2,1,0,0,1,0,1
5787,32,0,0,0,0,1,0,1,0,1
1173,26,1,3,0,1,0,0,1,1,1
2273,52,0,0,0,0,1,1,0,0,1
768,27,1,5,0,0,1,0,1,1,1
1834,27,0,0,0,1,0,1,0,0,1
4924,43,0,1,1,1,0,0,1,0,1
4912,25,1,5,0,1,0,0,1,0,0
6014,50,0,4,26,0,1,0,1,0,1
1763,29,1,7,27,0,1,0,1,0,1
3673,31,1,4,26,0,1,0,1,0,1
1717,31,0,9,0,1,0,0,1,1,1
5454,23,1,8,2,1,0,0,1,1,0
5845,41,0,3,0,0,1,0,1,0,1
1723,21,0,0,50,1,0,0,1,1,1
2463,47,1,1,2,0,1,0,1,1,1
4375,35,1,3,0,0,1,0,1,1,1
2897,34,1,1,-1,0,1,0,1,0,1
538,27,1,18,0,1,0,0,1,1,0
5950,21,1,0,2,0,1,1,0,0,1
2459,56,1,0,0,0,1,0,1,0,1
498,31,0,0,0,0,1,0,1,0,1
1013,49,1,8,3,1,0,0,1,0,1
3959,22,1,2,1,1,0,0,1,0,0
3373,33,1,2,28,1,0,0,1,1,0
2159,32,0,0,0,1,0,1,0,1,1
3095,29,1,6,35,1,0,0,1,1,0
4881,41,0,19,220,1,0,0,1,1,0
3527,27,1,9,0,1,0,0,1,1,0
418,29,1,4,8,1,0,0,1,1,1
3764,25,0,0,44,0,1,1,0,1,1
3821,24,0,1,2,1,0,0,1,0,1
915,50,0,2,0,0,1,0,1,0,1
1009,24,0,0,0,1,0,0,1,0,1
3439,26,0,0,2,0,1,0,1,1,1
1786,49,0,2,1,0,1,0,1,0,1
3358,39,0,6,0,1,0,0,1,0,1
3162,21,1,0,0,1,0,0,1,1,1
1831,29,0,0,0,1,0,0,1,1,1
3433,55,1,5,3,1,0,0,1,1,1
2099,22,1,1,1,1,0,0,1,1,1
2455,44,0,0,2,1,0,0,1,1,1
4901,24,0,0,0,0,1,1,0,0,1
1651,25,0,1,1,1,0,0,1,0,1
4076,38,0,0,0,0,1,0,1,0,1
2908,29,0,0,0,1,0,0,1,0,1
1212,43,1,1,64,1,0,0,1,0,1
1959,24,1,6,1,1,0,0,1,1,0
5598,22,1,3,8,1,0,0,1,1,1
2805,23,1,0,18,1,0,0,1,0,0
5332,45,0,0,1,0,1,0,1,0,1
2752,21,1,3,17,0,1,0,1,1,0
1878,24,1,17,130,1,0,0,1,1,0
948,33,1,16,0,1,0,0,1,1,0
1297,28,1,4,21,1,0,0,1,1,1
3191,26,1,4,0,1,0,1,0,0,1
4369,31,1,9,26,1,0,1,0,0,1
5329,21,1,2,2,1,0,0,1,0,1
5034,32,0,0,0,0,1,0,1,0,1
2085,34,0,0,2,1,0,0,1,1,1
1358,45,0,2,28,0,1,0,1,1,1
5298,27,1,11,5,1,0,0,1,1,1
1125,43,0,2,1,1,0,0,1,0,1
4625,21,1,0,1,1,0,0,1,0,1
6059,54,1,10,0,1,0,0,1,1,1
3090,23,1,2,0,1,0,0,1,0,0
3197,33,1,1,1,0,1,0,1,1,1
1161,51,0,1,17,1,0,0,1,0,1
5692,46,0,0,1,1,0,0,1,0,1
5159,35,1,0,1,1,0,0,1,0,1
1842,33,0,1,1,0,1,0,1,0,1
5617,31,1,6,48,0,1,0,1,1,1
308,21,1,4,219,1,0,0,1,1,0
1458,52,0,0,0,0,1,1,0,0,1
5242,22,0,0,2,1,0,0,1,1,1
994,34,0,0,0,0,1,0,1,0,1
194,23,0,2,71,1,0,0,1,1,0
1452,26,0,3,27,1,0,1,0,1,1
3486,38,1,5,0,0,1,0,1,0,1
4520,43,0,2,1,0,1,0,1,0,1
5796,24,0,0,1,0,1,1,0,1,1
1989,33,0,0,1,1,0,0,1,0,1
676,30,0,0,1,1,0,0,1,0,1
4224,36,1,7,1,1,0,0,1,1,1
3352,33,1,5,119,1,0,0,1,0,1
4986,34,0,1,3,0,1,1,0,0,1
4097,24,1,2,1,0,1,0,1,1,1
3249,45,0,20,46,0,1,0,1,1,1
3907,31,1,10,181,1,0,0,1,1,1
2787,25,1,4,19,1,0,0,1,1,0
971,24,0,0,0,1,0,1,0,1,1
3820,23,1,3,44,1,0,0,1,1,0
3998,29,1,1,1,1,0,0,1,1,1
4183,32,1,13,38,0,1,0,1,1,0
4877,33,1,12,2,1,0,0,1,1,0
2014,61,0,10,22,1,0,0,1,0,1
3332,53,0,18,1,1,0,0,1,0,1
5848,27,1,2,1,0,1,0,1,0,1
4548,29,1,5,3,1,0,0,1,1,1
2665,67,1,0,24,1,0,0,1,0,1
922,59,0,2,12,1,0,0,1,0,1
4829,35,0,1,64,0,1,0,1,1,1
4144,51,0,2,24,1,0,0,1,1,1
1548,39,0,2,-1,0,1,0,1,0,1
601,23,1,0,1,1,0,0,1,1,1
1631,38,1,2,47,1,0,0,1,0,1
958,52,0,1,0,1,0,1,0,1,1
2866,29,1,5,0,1,0,0,1,1,0
1053,22,1,1,0,1,0,0,1,1,1
3520,31,1,1,0,0,1,0,1,1,1
1139,23,0,0,1,1,0,0,1,1,1
3241,35,1,1,4,0,1,0,1,0,1
670,22,1,1,4,1,0,0,1,1,0
993,23,0,0,0,0,1,1,0,1,1
1272,38,0,0,2,1,0,0,1,0,1
3227,30,0,0,0,1,0,0,1,0,1
4179,50,0,0,0,1,0,0,1,0,1
5096,37,1,2,4,1,0,0,1,0,1
4246,25,1,3,19,1,0,0,1,0,1
3601,24,1,1,2,0,1,0,1,1,1
1545,32,0,6,0,0,1,0,1,0,1
4957,40,0,2,0,0,1,0,1,1,1
5183,23,1,1,3,1,0,0,1,1,1
687,24,1,1,0,1,0,0,1,1,1
3452,45,0,1,2,1,0,1,0,1,1
5142,37,1,0,0,0,1,0,1,0,1
4024,21,1,0,0,0,1,0,1,0,1
1403,28,0,11,26,1,0,0,1,1,0
4899,42,1,7,1,1,0,0,1,1,0
1168,44,0,0,0,0,1,0,1,0,1
899,38,0,0,1,1,0,1,0,0,1
3659,21,1,1,0,1,0,0,1,0,1
6116,34,0,4,1,1,0,0,1,0,1
1749,33,1,11,44,1,0,0,1,1,1
5379,54,0,0,2,1,0,0,1,0,1
4499,23,0,0,0,0,1,0,1,0,1
2334,22,1,0,-1,1,0,0,1,1,1
101,33,1,28,1,1,0,0,1,1,0
200,30,1,11,1,0,1,0,1,1,0
5282,33,1,18,1,1,0,0,1,1,0
4817,45,0,1,0,0,1,0,1,1,1
2115,27,0,1,2,0,1,0,1,1,1
4791,26,0,0,6,0,1,1,0,1,0
1965,26,1,5,6,1,0,0,1,1,1
1267,27,0,2,0,0,1,0,1,0,1
2343,25,1,3,0,0,1,0,1,1,0
6130,30,0,2,6,0,1,0,1,0,0
5634,31,0,5,1,0,1,0,1,0,1
2579,41,0,0,0,1,0,0,1,0,1
5363,25,0,2,0,0,1,1,0,1,1
5514,48,0,0,1,1,0,0,1,0,1
3567,28,0,3,0,1,0,0,1,1,1
997,25,1,1,58,0,1,0,1,0,1
992,50,0,4,2,0,1,0,1,1,1
3494,54,0,0,29,0,1,1,0,0,1
1879,41,1,0,1,1,0,0,1,0,1
1670,48,1,5,242,1,0,0,1,1,0
3972,25,1,11,29,0,1,0,1,1,0
5335,30,0,0,0,1,0,0,1,0,1
6135,61,1,4,2,0,1,0,1,1,0
1541,55,0,0,10,0,1,0,1,0,1
2294,20,0,1,0,0,1,0,1,1,1
1902,52,0,2,3,1,0,0,1,1,1
3273,29,0,0,0,0,1,0,1,1,1
4226,32,0,0,0,1,0,1,0,0,1
2380,25,1,1,0,1,0,0,1,1,1
4726,27,0,0,1,0,1,0,1,0,1
3476,21,1,1,5,1,0,0,1,1,0
1987,28,0,0,13,0,1,0,1,0,1
4018,43,1,7,1,1,0,0,1,1,1
3645,36,0,1,1,1,0,0,1,0,1
5175,29,1,2,0,1,0,0,1,0,1
2246,20,0,0,0,1,0,0,1,1,1
4502,40,1,10,4,1,0,0,1,0,1
2644,21,0,0,46,1,0,0,1,1,1
1912,28,0,3,1,1,0,0,1,0,1
1491,27,1,0,60,1,0,0,1,1,0
6,39,0,0,2,0,1,1,0,0,1
1674,57,0,2,2,1,0,0,1,0,1
1400,30,1,21,1,1,0,0,1,1,1
3011,27,1,2,246,1,0,0,1,1,1
3232,35,0,1,0,1,0,0,1,1,1
4384,23,0,1,0,0,1,1,0,0,1
4765,25,0,2,1,1,0,0,1,1,1
2284,41,0,13,2,1,0,0,1,1,1
5023,58,0,0,0,1,0,0,1,0,1
4730,44,0,0,4,1,0,0,1,0,1
3816,22,1,0,149,1,0,0,1,1,1
5800,25,0,2,2,0,1,0,1,1,1
6128,23,1,0,1,1,0,0,1,1,1
1238,24,1,3,6,1,0,0,1,0,0
2418,37,0,0,0,1,0,0,1,1,0
3226,33,1,0,0,0,1,1,0,0,1
4624,29,1,3,1,0,1,0,1,1,1
1757,49,0,4,5,1,0,0,1,0,1
1307,24,1,0,9,1,0,0,1,1,1
2561,25,0,9,54,1,0,0,1,0,0
3245,51,1,6,2,1,0,0,1,0,1
2379,26,0,5,1,0,1,0,1,1,1
3691,59,0,0,0,0,1,1,0,0,1
5220,24,1,8,49,1,0,0,1,1,1
2770,19,1,2,0,1,0,0,1,1,1
2011,35,1,10,0,0,1,0,1,1,0
6054,34,0,5,1,1,0,0,1,0,1
3614,53,0,0,-1,0,1,0,1,0,1
3206,39,1,22,3,1,0,1,0,1,0
4171,29,1,20,56,1,0,1,0,0,0
2227,44,0,0,42,1,0,0,1,1,1
2440,23,1,3,91,1,0,0,1,1,0
818,23,1,2,6,1,0,0,1,1,1
148,31,1,8,117,1,0,0,1,0,0
852,39,0,1,4,1,0,0,1,1,1
777,39,1,6,35,0,1,0,1,1,1
781,52,0,1,3,1,0,0,1,0,1
3242,36,1,1,0,1,0,1,0,1,1
4544,43,1,0,0,1,0,0,1,1,1
3755,27,1,12,1,1,0,0,1,1,0
5219,47,0,3,1,1,0,0,1,1,1
891,32,0,2,1,0,1,0,1,1,1
4895,30,0,0,0,0,1,0,1,1,1
1771,21,1,0,6,1,0,0,1,0,1
6109,30,0,3,0,1,0,1,0,0,1
578,27,0,3,0,1,0,0,1,1,1
140,22,0,1,0,1,0,0,1,1,1
1199,30,1,8,1,1,0,1,0,1,0
2605,49,1,5,3,1,0,0,1,0,1
1681,24,0,0,0,0,1,1,0,0,1
5466,30,0,3,206,0,1,0,1,1,1
6110,29,1,14,0,1,0,0,1,0,0
3807,38,0,2,0,0,1,1,0,0,1
3725,30,0,4,29,1,0,1,0,0,1
4047,30,1,4,96,1,0,0,1,0,1
1206,54,0,9,1,0,1,0,1,1,1
6042,67,0,1,0,1,0,0,1,0,1
3648,39,1,11,1,1,0,1,0,0,1
6002,57,1,28,2,1,0,0,1,1,0
5661,25,1,2,0,0,1,0,1,1,1
1862,22,0,0,0,0,1,0,1,1,1
70,41,0,1,1,0,1,0,1,1,1
4751,37,0,3,80,0,1,0,1,1,1
1224,28,1,3,1,1,0,0,1,0,1
654,27,1,1,0,1,0,0,1,0,1
3229,65,0,7,0,0,1,0,1,1,1
3604,23,0,0,3,1,0,0,1,1,1
1188,25,1,2,1,0,1,0,1,0,1
2208,21,0,1,0,1,0,0,1,1,1
4893,24,0,0,0,1,0,0,1,0,1
240,70,0,1,12,0,1,0,1,0,1
583,44,1,14,1,1,0,0,1,1,0
2258,53,0,0,0,0,1,0,1,1,1
1980,20,1,0,8,1,0,0,1,0,1
229,48,0,0,1,1,0,1,0,1,1
1620,27,0,4,33,1,0,0,1,1,0
5237,28,1,2,0,1,0,1,0,0,1
1360,23,1,0,7,1,0,0,1,0,1
2886,31,0,3,61,1,0,1,0,1,1
5049,22,0,1,1,1,0,0,1,1,1
1796,45,1,9,54,1,0,0,1,0,0
4711,35,0,1,1,0,1,0,1,1,1
2963,50,0,0,0,1,0,0,1,0,1
3125,39,1,9,1,1,0,0,1,0,1
1089,39,0,1,0,1,0,1,0,1,1
192,33,1,4,2,1,0,0,1,0,1
4744,34,1,12,3,1,0,1,0,0,0
3682,49,0,0,-1,0,1,0,1,0,1
1406,24,0,1,0,1,0,1,0,1,1
2434,35,1,3,0,0,1,1,0,1,1
938,24,0,2,2,1,0,1,0,0,1
4531,62,0,0,3,1,0,0,1,0,1
2936,31,0,0,21,0,1,0,1,1,1
3440,29,0,0,1,0,1,0,1,1,1
2543,40,1,24,1,0,1,0,1,1,0
22,43,0,1,1,0,1,0,1,0,1
588,28,0,2,6,0,1,0,1,1,1
3955,51,0,0,1,0,1,0,1,0,1
4233,31,1,6,1,1,0,0,1,1,0
4508,40,1,1,0,1,0,0,1,1,1
207,32,0,14,1,1,0,0,1,1,0
3623,36,1,16,8,1,0,0,1,1,0
3970,20,1,3,21,1,0,0,1,1,1
5457,23,0,0,0,0,1,0,1,1,1
2882,27,1,0,3,0,1,1,0,1,1
247,23,1,0,0,1,0,0,1,0,1
5067,41,0,0,3,0,1,0,1,1,1
1243,30,0,7,17,0,1,1,0,0,1
4778,30,0,1,0,0,1,0,1,1,1
2938,42,0,0,1,1,0,0,1,0,1
2285,33,0,6,0,1,0,0,1,1,1
437,59,1,10,127,1,0,0,1,1,1
2315,26,0,0,0,1,0,0,1,1,1
3281,29,0,0,0,0,1,0,1,0,1
3978,47,1,3,12,0,1,0,1,0,1
5502,25,1,2,49,1,0,0,1,1,1
5307,24,0,0,2,1,0,1,0,1,1
1944,43,0,5,0,1,0,0,1,0,1
2286,47,1,0,3,0,1,0,1,0,1
1726,23,0,0,0,0,1,1,0,1,1
1201,28,0,1,4,1,0,0,1,0,1
1839,30,0,0,0,0,1,1,0,1,1
4215,44,0,0,1,0,1,0,1,0,1
4430,26,0,6,10,0,1,0,1,1,0
4696,25,1,1,0,0,1,1,0,0,1
3042,34,1,21,5,0,1,0,1,1,0
4698,21,0,0,0,1,0,1,0,1,1
1036,24,1,2,0,0,1,0,1,1,1
1432,27,0,2,1,0,1,0,1,1,0
3334,30,1,6,17,1,0,0,1,0,0
1843,26,1,5,1,1,0,0,1,0,1
3876,27,1,0,0,1,0,1,0,1,1
2518,22,0,0,1,1,0,0,1,0,1
202,22,0,0,0,1,0,0,1,1,1
5137,26,0,0,1,1,0,0,1,1,0
2985,24,1,1,123,0,1,0,1,1,0
2413,23,1,0,2,1,0,0,1,1,0
5002,32,0,0,2,1,0,0,1,1,1
5503,57,0,0,0,1,0,0,1,0,1
1190,22,1,3,26,1,0,0,1,1,0
6122,59,0,5,151,0,1,0,1,1,1
3038,56,0,0,1,0,1,0,1,1,1
4752,25,0,1,0,1,0,0,1,1,1
1698,31,0,5,3,1,0,0,1,0,1
4227,23,1,0,0,0,1,0,1,0,1
5964,54,0,7,0,1,0,0,1,0,1
2621,50,0,0,1,0,1,1,0,1,1
2088,44,0,4,1,1,0,0,1,0,1
424,66,1,33,13,1,0,0,1,1,1
4680,24,1,3,0,0,1,0,1,1,1
5440,29,0,2,1,1,0,0,1,1,1
1529,24,0,0,1,0,1,0,1,0,1
3260,28,0,0,0,0,1,1,0,1,1
6115,35,1,12,1,0,1,0,1,1,1
1886,29,1,1,0,0,1,0,1,1,1
1948,39,0,0,2,0,1,0,1,0,1
4157,26,0,2,-1,0,1,0,1,0,1
6048,22,0,1,0,0,1,0,1,0,1
2824,31,0,0,-1,1,0,0,1,0,1
5527,77,1,1,2,0,1,0,1,1,1
4854,41,0,0,0,0,1,1,0,1,1
458,21,1,0,0,1,0,0,1,0,1
2316,23,1,3,35,0,1,0,1,0,0
4663,21,1,3,1,0,1,1,0,0,1
3279,39,1,19,179,1,0,0,1,1,0
3061,22,0,3,33,1,0,0,1,1,0
18,21,1,1,3,1,0,0,1,1,0
5189,26,0,2,-1,0,1,0,1,1,1
2889,50,0,1,0,1,0,0,1,0,1
5805,32,1,4,1,1,0,0,1,1,1
151,58,0,0,0,1,0,0,1,0,1
4007,34,0,1,4,1,0,0,1,0,1
2472,53,1,1,4,0,1,0,1,0,1
3078,43,0,0,29,0,1,1,0,0,1
3102,38,0,11,18,1,0,0,1,1,1
549,39,1,2,4,1,0,0,1,0,1
1162,23,1,0,5,1,0,0,1,1,1
5673,35,0,0,0,0,1,0,1,0,1
2541,27,1,2,7,0,1,0,1,1,1
6026,23,1,1,1,1,0,0,1,1,0
5627,34,1,0,29,0,1,0,1,0,1
3459,23,0,2,0,0,1,1,0,0,1
1012,43,1,0,0,0,1,0,1,0,1
4664,37,0,8,14,1,0,0,1,1,1
5140,33,1,2,0,1,0,0,1,0,1
5807,26,0,0,0,1,0,1,0,0,1
2337,59,0,0,1,1,0,0,1,0,1
4107,32,1,3,0,1,0,1,0,1,1
533,26,1,3,1,1,0,0,1,0,1
152,78,1,1,0,0,1,0,1,0,1
163,26,1,9,79,1,0,0,1,1,0
2547,37,0,1,0,0,1,0,1,0,1
3698,52,0,1,0,1,0,0,1,1,1
3157,38,0,12,0,1,0,0,1,0,1
5339,57,0,2,0,1,0,1,0,0,1
3525,24,0,0,1,0,1,0,1,1,1
3762,31,0,2,2,1,0,0,1,1,1
